-- phpMyAdmin SQL Dump
-- version 4.3.11
-- http://www.phpmyadmin.net
--
-- Host: 127.0.0.1
-- Generation Time: Nov 10, 2016 at 10:15 AM
-- Server version: 5.6.24
-- PHP Version: 5.6.8

SET SQL_MODE = "NO_AUTO_VALUE_ON_ZERO";
SET time_zone = "+00:00";


/*!40101 SET @OLD_CHARACTER_SET_CLIENT=@@CHARACTER_SET_CLIENT */;
/*!40101 SET @OLD_CHARACTER_SET_RESULTS=@@CHARACTER_SET_RESULTS */;
/*!40101 SET @OLD_COLLATION_CONNECTION=@@COLLATION_CONNECTION */;
/*!40101 SET NAMES utf8 */;

--
-- Database: `stn_cake_base`
--

-- --------------------------------------------------------

--
-- Table structure for table `accounts`
--

CREATE TABLE IF NOT EXISTS `accounts` (
  `id` int(11) NOT NULL,
  `employee_id` int(11) NOT NULL,
  `account_status_id` int(11) DEFAULT '1',
  `token_forgot_password_id` int(11) DEFAULT NULL,
  `password_reset_id` int(11) DEFAULT NULL,
  `created` datetime DEFAULT NULL,
  `modified` datetime DEFAULT NULL,
  `deleted` tinyint(4) DEFAULT '0',
  `deleted_date` datetime DEFAULT NULL
) ENGINE=MyISAM AUTO_INCREMENT=3 DEFAULT CHARSET=latin1;

--
-- Dumping data for table `accounts`
--

INSERT INTO `accounts` (`id`, `employee_id`, `account_status_id`, `token_forgot_password_id`, `password_reset_id`, `created`, `modified`, `deleted`, `deleted_date`) VALUES
(1, 1, 1, NULL, NULL, '2015-01-29 12:19:27', '2016-11-02 13:53:02', 0, NULL),
(2, 0, 1, NULL, NULL, '2016-11-02 13:59:17', '2016-11-02 13:59:17', 0, NULL);

-- --------------------------------------------------------

--
-- Table structure for table `account_statuses`
--

CREATE TABLE IF NOT EXISTS `account_statuses` (
  `id` int(11) NOT NULL,
  `name` varchar(250) DEFAULT NULL,
  `is_deleted` tinyint(1) DEFAULT '0',
  `deleted_date` datetime DEFAULT NULL,
  `created` datetime DEFAULT NULL,
  `modified` datetime DEFAULT NULL
) ENGINE=InnoDB AUTO_INCREMENT=4 DEFAULT CHARSET=latin1;

--
-- Dumping data for table `account_statuses`
--

INSERT INTO `account_statuses` (`id`, `name`, `is_deleted`, `deleted_date`, `created`, `modified`) VALUES
(1, 'Aktif', 0, '0000-00-00 00:00:00', '0000-00-00 00:00:00', '0000-00-00 00:00:00'),
(2, 'Tidak Aktif', 0, '0000-00-00 00:00:00', '0000-00-00 00:00:00', '0000-00-00 00:00:00'),
(3, 'Suspend', 0, '0000-00-00 00:00:00', '0000-00-00 00:00:00', '0000-00-00 00:00:00');

-- --------------------------------------------------------

--
-- Table structure for table `asset_files`
--

CREATE TABLE IF NOT EXISTS `asset_files` (
  `id` int(11) NOT NULL,
  `is_private` int(11) DEFAULT NULL,
  `folder` varchar(255) DEFAULT NULL,
  `filename` varchar(255) DEFAULT NULL,
  `ext` varchar(45) DEFAULT NULL,
  `token` varchar(511) DEFAULT NULL,
  `hit` int(11) DEFAULT '0',
  `is_deleted` tinyint(1) DEFAULT '0',
  `deleted_date` datetime DEFAULT NULL,
  `created` datetime DEFAULT NULL,
  `modified` datetime DEFAULT NULL
) ENGINE=InnoDB DEFAULT CHARSET=latin1;

-- --------------------------------------------------------

--
-- Table structure for table `biodata`
--

CREATE TABLE IF NOT EXISTS `biodata` (
  `id` int(11) NOT NULL,
  `first_name` varchar(250) DEFAULT NULL,
  `last_name` varchar(250) DEFAULT NULL,
  `gelar_depan` varchar(255) DEFAULT NULL,
  `gelar_belakang` varchar(255) DEFAULT NULL,
  `tempat_lahir_provinsi` varchar(255) DEFAULT NULL,
  `tempat_lahir_kota` varchar(255) DEFAULT NULL,
  `tanggal_lahir` date DEFAULT NULL,
  `address` varchar(250) DEFAULT NULL,
  `state_id` int(11) DEFAULT NULL,
  `country_id` int(11) DEFAULT '100' COMMENT 'kolom ini diisi dengan kewarganegaraan pelamar. Cukup masukan id dari tabel negara.',
  `city_id` int(11) DEFAULT NULL,
  `postal_code` varchar(11) DEFAULT NULL,
  `handphone` varchar(16) DEFAULT NULL,
  `phone` varchar(10) DEFAULT NULL,
  `created` datetime DEFAULT NULL,
  `modified` datetime DEFAULT NULL,
  `deleted` tinyint(4) DEFAULT '0',
  `deleted_date` datetime DEFAULT NULL,
  `gender_id` int(11) DEFAULT NULL,
  `religion_id` int(11) DEFAULT NULL,
  `account_id` int(11) DEFAULT NULL,
  `identity_type_id` int(11) DEFAULT NULL,
  `identity_number` varchar(100) DEFAULT NULL
) ENGINE=MyISAM AUTO_INCREMENT=3 DEFAULT CHARSET=utf8;

--
-- Dumping data for table `biodata`
--

INSERT INTO `biodata` (`id`, `first_name`, `last_name`, `gelar_depan`, `gelar_belakang`, `tempat_lahir_provinsi`, `tempat_lahir_kota`, `tanggal_lahir`, `address`, `state_id`, `country_id`, `city_id`, `postal_code`, `handphone`, `phone`, `created`, `modified`, `deleted`, `deleted_date`, `gender_id`, `religion_id`, `account_id`, `identity_type_id`, `identity_number`) VALUES
(1, 'Admin', 'Sidispop', '', '', '', '', NULL, '-', 9, 100, 63, '-', '-', '', '2015-01-29 18:45:55', '2016-05-04 18:38:25', 0, NULL, 1, 5, 1, NULL, NULL),
(2, 'Test', 'User', NULL, NULL, NULL, NULL, NULL, '', NULL, 100, NULL, '', '', NULL, '2016-11-02 13:59:17', '2016-11-02 13:59:17', 0, NULL, NULL, NULL, 2, NULL, NULL);

-- --------------------------------------------------------

--
-- Table structure for table `blood_types`
--

CREATE TABLE IF NOT EXISTS `blood_types` (
  `id` int(11) NOT NULL,
  `name` varchar(45) DEFAULT NULL,
  `is_deleted` tinyint(1) DEFAULT NULL,
  `deleted_date` datetime DEFAULT NULL,
  `created` datetime DEFAULT NULL,
  `modified` datetime DEFAULT NULL
) ENGINE=InnoDB AUTO_INCREMENT=13 DEFAULT CHARSET=latin1;

--
-- Dumping data for table `blood_types`
--

INSERT INTO `blood_types` (`id`, `name`, `is_deleted`, `deleted_date`, `created`, `modified`) VALUES
(1, 'O-', NULL, NULL, NULL, NULL),
(2, 'O+', NULL, NULL, NULL, NULL),
(3, 'A-', NULL, NULL, NULL, NULL),
(4, 'A+', NULL, NULL, NULL, NULL),
(5, 'B-', NULL, NULL, NULL, NULL),
(6, 'B+', NULL, NULL, NULL, NULL),
(7, 'AB-', NULL, NULL, NULL, NULL),
(8, 'AB+', NULL, NULL, NULL, NULL),
(9, 'O', NULL, NULL, NULL, NULL),
(10, 'A', NULL, NULL, NULL, NULL),
(11, 'B', NULL, NULL, NULL, NULL),
(12, 'AB', NULL, NULL, NULL, NULL);

-- --------------------------------------------------------

--
-- Table structure for table `cities`
--

CREATE TABLE IF NOT EXISTS `cities` (
  `id` int(11) NOT NULL,
  `state_id` int(11) NOT NULL,
  `name` varchar(250) NOT NULL,
  `postal_code` int(11) NOT NULL,
  `city_status_id` int(11) DEFAULT NULL,
  `is_deleted` tinyint(1) DEFAULT '0',
  `deleted_date` datetime DEFAULT NULL,
  `created` datetime DEFAULT NULL,
  `modified` datetime DEFAULT NULL
) ENGINE=InnoDB AUTO_INCREMENT=502 DEFAULT CHARSET=latin1;

--
-- Dumping data for table `cities`
--

INSERT INTO `cities` (`id`, `state_id`, `name`, `postal_code`, `city_status_id`, `is_deleted`, `deleted_date`, `created`, `modified`) VALUES
(1, 1, 'Badung', 80361, 1, 0, '0000-00-00 00:00:00', '2015-02-26 16:23:18', '2015-02-26 16:23:18'),
(2, 1, 'Bangli', 80600, 1, 0, '0000-00-00 00:00:00', '2015-02-26 16:23:18', '2015-02-26 16:23:18'),
(3, 1, 'Buleleng', 81100, 1, 0, '0000-00-00 00:00:00', '2015-02-26 16:23:18', '2015-02-26 16:23:18'),
(4, 1, 'Denpasar', 80000, 2, 0, '0000-00-00 00:00:00', '2015-02-26 16:23:18', '2015-02-26 16:23:18'),
(5, 1, 'Gianyar', 80500, 1, 0, '0000-00-00 00:00:00', '2015-02-26 16:23:19', '2015-02-26 16:23:19'),
(6, 1, 'Jembrana', 82200, 1, 0, '0000-00-00 00:00:00', '2015-02-26 16:23:19', '2015-02-26 16:23:19'),
(7, 1, 'Karangasem', 80800, 1, 0, '0000-00-00 00:00:00', '2015-02-26 16:23:19', '2015-02-26 16:23:19'),
(8, 1, 'Klungkung', 80700, 1, 0, '0000-00-00 00:00:00', '2015-02-26 16:23:19', '2015-02-26 16:23:19'),
(9, 1, 'Tabanan', 82100, 1, 0, '0000-00-00 00:00:00', '2015-02-26 16:23:19', '2015-02-26 16:23:19'),
(10, 2, 'Bangka', 33200, 1, 0, '0000-00-00 00:00:00', '2015-02-26 16:23:20', '2015-02-26 16:23:20'),
(11, 2, 'Bangka Barat', 33300, 1, 0, '0000-00-00 00:00:00', '2015-02-26 16:23:20', '2015-02-26 16:23:20'),
(12, 2, 'Bangka Selatan', 33700, 1, 0, '0000-00-00 00:00:00', '2015-02-26 16:23:20', '2015-02-26 16:23:20'),
(13, 2, 'Bangka Tengah', 33600, 1, 0, '0000-00-00 00:00:00', '2015-02-26 16:23:20', '2015-02-26 16:23:20'),
(14, 2, 'Belitung', 33400, 1, 0, '0000-00-00 00:00:00', '2015-02-26 16:23:20', '2015-02-26 16:23:20'),
(15, 2, 'Belitung Timur', 33400, 1, 0, '0000-00-00 00:00:00', '2015-02-26 16:23:20', '2015-02-26 16:23:20'),
(16, 2, 'Pangkal Pinang', 33100, 2, 0, '0000-00-00 00:00:00', '2015-02-26 16:23:20', '2015-02-26 16:23:20'),
(17, 3, 'Cilegon', 42400, 2, 0, '0000-00-00 00:00:00', '2015-02-26 16:23:21', '2015-02-26 16:23:21'),
(18, 3, 'Lebak', 42300, 1, 0, '0000-00-00 00:00:00', '2015-02-26 16:23:21', '2015-02-26 16:23:21'),
(19, 3, 'Pandeglang', 42200, 1, 0, '0000-00-00 00:00:00', '2015-02-26 16:23:21', '2015-02-26 16:23:21'),
(20, 3, 'Serang', 42100, 1, 0, '0000-00-00 00:00:00', '2015-02-26 16:23:21', '2015-02-26 16:23:21'),
(21, 3, 'Serang', 42100, 2, 0, '0000-00-00 00:00:00', '2015-02-26 16:23:21', '2015-02-26 16:23:21'),
(22, 3, 'Tangerang', 15000, 1, 0, '0000-00-00 00:00:00', '2015-02-26 16:23:21', '2015-02-26 16:23:21'),
(23, 3, 'Tangerang', 15000, 2, 0, '0000-00-00 00:00:00', '2015-02-26 16:23:21', '2015-02-26 16:23:21'),
(24, 3, 'Tangerang Selatan', 15000, 2, 0, '0000-00-00 00:00:00', '2015-02-26 16:23:21', '2015-02-26 16:23:21'),
(25, 4, 'Bengkulu', 38000, 2, 0, '0000-00-00 00:00:00', '2015-02-26 16:23:22', '2015-02-26 16:23:22'),
(26, 4, 'Bengkulu Selatan', 38500, 1, 0, '0000-00-00 00:00:00', '2015-02-26 16:23:22', '2015-02-26 16:23:22'),
(27, 4, 'Bengkulu Tengah', 38000, 1, 0, '0000-00-00 00:00:00', '2015-02-26 16:23:22', '2015-02-26 16:23:22'),
(28, 4, 'Bengkulu Utara', 38600, 1, 0, '0000-00-00 00:00:00', '2015-02-26 16:23:22', '2015-02-26 16:23:22'),
(29, 4, 'Kaur', 38000, 1, 0, '0000-00-00 00:00:00', '2015-02-26 16:23:22', '2015-02-26 16:23:22'),
(30, 4, 'Kepahiang', 39172, 1, 0, '0000-00-00 00:00:00', '2015-02-26 16:23:22', '2015-02-26 16:23:22'),
(31, 4, 'Lebong', 39200, 1, 0, '0000-00-00 00:00:00', '2015-02-26 16:23:22', '2015-02-26 16:23:22'),
(32, 4, 'Muko Muko', 38365, 1, 0, '0000-00-00 00:00:00', '2015-02-26 16:23:22', '2015-02-26 16:23:22'),
(33, 4, 'Rejang Lebong', 39100, 1, 0, '0000-00-00 00:00:00', '2015-02-26 16:23:22', '2015-02-26 16:23:22'),
(34, 4, 'Seluma', 38000, 1, 0, '0000-00-00 00:00:00', '2015-02-26 16:23:22', '2015-02-26 16:23:22'),
(35, 5, 'Bantul', 55700, 1, 0, '0000-00-00 00:00:00', '2015-02-26 16:23:23', '2015-02-26 16:23:23'),
(36, 5, 'Gunung Kidul', 55800, 1, 0, '0000-00-00 00:00:00', '2015-02-26 16:23:23', '2015-02-26 16:23:23'),
(37, 5, 'Kulon Progo', 55600, 1, 0, '0000-00-00 00:00:00', '2015-02-26 16:23:23', '2015-02-26 16:23:23'),
(38, 5, 'Sleman', 55500, 1, 0, '0000-00-00 00:00:00', '2015-02-26 16:23:23', '2015-02-26 16:23:23'),
(39, 5, 'Yogyakarta', 55000, 2, 0, '0000-00-00 00:00:00', '2015-02-26 16:23:23', '2015-02-26 16:23:23'),
(40, 6, 'Jakarta Barat', 11000, 2, 0, '0000-00-00 00:00:00', '2015-02-26 16:23:23', '2015-02-26 16:23:23'),
(41, 6, 'Jakarta Pusat', 10000, 2, 0, '0000-00-00 00:00:00', '2015-02-26 16:23:23', '2015-02-26 16:23:23'),
(42, 6, 'Jakarta Selatan', 12000, 2, 0, '0000-00-00 00:00:00', '2015-02-26 16:23:24', '2015-02-26 16:23:24'),
(43, 6, 'Jakarta Timur', 13000, 2, 0, '0000-00-00 00:00:00', '2015-02-26 16:23:24', '2015-02-26 16:23:24'),
(44, 6, 'Jakarta Utara', 14000, 2, 0, '0000-00-00 00:00:00', '2015-02-26 16:23:24', '2015-02-26 16:23:24'),
(45, 6, 'Kepulauan Seribu', 14530, 1, 0, '0000-00-00 00:00:00', '2015-02-26 16:23:24', '2015-02-26 16:23:24'),
(46, 7, 'Boalemo', 96200, 1, 0, '0000-00-00 00:00:00', '2015-02-26 16:23:24', '2015-02-26 16:23:24'),
(47, 7, 'Bone Bolango', 96184, 1, 0, '0000-00-00 00:00:00', '2015-02-26 16:23:25', '2015-02-26 16:23:25'),
(48, 7, 'Gorontalo', 96100, 1, 0, '0000-00-00 00:00:00', '2015-02-26 16:23:25', '2015-02-26 16:23:25'),
(49, 7, 'Gorontalo', 96100, 2, 0, '0000-00-00 00:00:00', '2015-02-26 16:23:25', '2015-02-26 16:23:25'),
(50, 7, 'Gorontalo Utara', 96100, 1, 0, '0000-00-00 00:00:00', '2015-02-26 16:23:25', '2015-02-26 16:23:25'),
(51, 7, 'Pohuwato', 96200, 1, 0, '0000-00-00 00:00:00', '2015-02-26 16:23:25', '2015-02-26 16:23:25'),
(52, 8, 'Batang Hari', 36600, 1, 0, '0000-00-00 00:00:00', '2015-02-26 16:23:25', '2015-02-26 16:23:25'),
(53, 8, 'Bungo', 37200, 1, 0, '0000-00-00 00:00:00', '2015-02-26 16:23:25', '2015-02-26 16:23:25'),
(54, 8, 'Jambi', 36000, 2, 0, '0000-00-00 00:00:00', '2015-02-26 16:23:26', '2015-02-26 16:23:26'),
(55, 8, 'Kerinci', 37100, 1, 0, '0000-00-00 00:00:00', '2015-02-26 16:23:26', '2015-02-26 16:23:26'),
(56, 8, 'Merangin', 37300, 1, 0, '0000-00-00 00:00:00', '2015-02-26 16:23:26', '2015-02-26 16:23:26'),
(57, 8, 'Muaro Jambi', 36365, 1, 0, '0000-00-00 00:00:00', '2015-02-26 16:23:26', '2015-02-26 16:23:26'),
(58, 8, 'Sarolangun', 37300, 1, 0, '0000-00-00 00:00:00', '2015-02-26 16:23:26', '2015-02-26 16:23:26'),
(59, 8, 'Sungaipenuh', 37100, 2, 0, '0000-00-00 00:00:00', '2015-02-26 16:23:26', '2015-02-26 16:23:26'),
(60, 8, 'Tanjung Jabung Barat', 36500, 1, 0, '0000-00-00 00:00:00', '2015-02-26 16:23:26', '2015-02-26 16:23:26'),
(61, 8, 'Tanjung Jabung Timur', 36500, 1, 0, '0000-00-00 00:00:00', '2015-02-26 16:23:26', '2015-02-26 16:23:26'),
(62, 8, 'Tebo', 37200, 1, 0, '0000-00-00 00:00:00', '2015-02-26 16:23:26', '2015-02-26 16:23:26'),
(63, 9, 'Bandung', 40000, 1, 0, '0000-00-00 00:00:00', '2015-02-26 16:23:26', '2015-02-26 16:23:26'),
(64, 9, 'Bandung', 40000, 2, 0, '0000-00-00 00:00:00', '2015-02-26 16:23:27', '2015-02-26 16:23:27'),
(65, 9, 'Bandung Barat', 40000, 1, 0, '0000-00-00 00:00:00', '2015-02-26 16:23:27', '2015-02-26 16:23:27'),
(66, 9, 'Banjar', 46300, 2, 0, '0000-00-00 00:00:00', '2015-02-26 16:23:27', '2015-02-26 16:23:27'),
(67, 9, 'Bekasi', 17000, 1, 0, '0000-00-00 00:00:00', '2015-02-26 16:23:27', '2015-02-26 16:23:27'),
(68, 9, 'Bekasi', 17000, 2, 0, '0000-00-00 00:00:00', '2015-02-26 16:23:27', '2015-02-26 16:23:27'),
(69, 9, 'Bogor', 16000, 1, 0, '0000-00-00 00:00:00', '2015-02-26 16:23:27', '2015-02-26 16:23:27'),
(70, 9, 'Bogor', 16000, 2, 0, '0000-00-00 00:00:00', '2015-02-26 16:23:27', '2015-02-26 16:23:27'),
(71, 9, 'Ciamis', 46200, 1, 0, '0000-00-00 00:00:00', '2015-02-26 16:23:27', '2015-02-26 16:23:27'),
(72, 9, 'Cianjur', 43200, 1, 0, '0000-00-00 00:00:00', '2015-02-26 16:23:27', '2015-02-26 16:23:27'),
(73, 9, 'Cimahi', 40500, 2, 0, '0000-00-00 00:00:00', '2015-02-26 16:23:27', '2015-02-26 16:23:27'),
(74, 9, 'Cirebon', 45100, 1, 0, '0000-00-00 00:00:00', '2015-02-26 16:23:27', '2015-02-26 16:23:27'),
(75, 9, 'Cirebon', 45100, 2, 0, '0000-00-00 00:00:00', '2015-02-26 16:23:27', '2015-02-26 16:23:27'),
(76, 9, 'Depok', 16400, 2, 0, '0000-00-00 00:00:00', '2015-02-26 16:23:27', '2015-02-26 16:23:27'),
(77, 9, 'Garut', 44100, 1, 0, '0000-00-00 00:00:00', '2015-02-26 16:23:27', '2015-02-26 16:23:27'),
(78, 9, 'Indramayu', 45200, 1, 0, '0000-00-00 00:00:00', '2015-02-26 16:23:27', '2015-02-26 16:23:27'),
(79, 9, 'Karawang', 41300, 1, 0, '0000-00-00 00:00:00', '2015-02-26 16:23:27', '2015-02-26 16:23:27'),
(80, 9, 'Kuningan', 45500, 1, 0, '0000-00-00 00:00:00', '2015-02-26 16:23:27', '2015-02-26 16:23:27'),
(81, 9, 'Majalengka', 45400, 1, 0, '0000-00-00 00:00:00', '2015-02-26 16:23:27', '2015-02-26 16:23:27'),
(82, 9, 'Pangandaran', 46396, 1, 0, '0000-00-00 00:00:00', '2015-02-26 16:23:27', '2015-02-26 16:23:27'),
(83, 9, 'Purwakarta', 41100, 1, 0, '0000-00-00 00:00:00', '2015-02-26 16:23:27', '2015-02-26 16:23:27'),
(84, 9, 'Subang', 41200, 1, 0, '0000-00-00 00:00:00', '2015-02-26 16:23:27', '2015-02-26 16:23:27'),
(85, 9, 'Sukabumi', 43100, 1, 0, '0000-00-00 00:00:00', '2015-02-26 16:23:27', '2015-02-26 16:23:27'),
(86, 9, 'Sukabumi', 43100, 2, 0, '0000-00-00 00:00:00', '2015-02-26 16:23:27', '2015-02-26 16:23:27'),
(87, 9, 'Sumedang', 45300, 1, 0, '0000-00-00 00:00:00', '2015-02-26 16:23:27', '2015-02-26 16:23:27'),
(88, 9, 'Tasikmalaya', 46100, 1, 0, '0000-00-00 00:00:00', '2015-02-26 16:23:27', '2015-02-26 16:23:27'),
(89, 9, 'Tasikmalaya', 46100, 2, 0, '0000-00-00 00:00:00', '2015-02-26 16:23:27', '2015-02-26 16:23:27'),
(90, 10, 'Banjarnegara', 53400, 1, 0, '0000-00-00 00:00:00', '2015-02-26 16:23:28', '2015-02-26 16:23:28'),
(91, 10, 'Banyumas', 53100, 1, 0, '0000-00-00 00:00:00', '2015-02-26 16:23:28', '2015-02-26 16:23:28'),
(92, 10, 'Batang', 51200, 1, 0, '0000-00-00 00:00:00', '2015-02-26 16:23:28', '2015-02-26 16:23:28'),
(93, 10, 'Blora', 58200, 1, 0, '0000-00-00 00:00:00', '2015-02-26 16:23:28', '2015-02-26 16:23:28'),
(94, 10, 'Boyolali', 57300, 1, 0, '0000-00-00 00:00:00', '2015-02-26 16:23:28', '2015-02-26 16:23:28'),
(95, 10, 'Brebes', 52200, 1, 0, '0000-00-00 00:00:00', '2015-02-26 16:23:28', '2015-02-26 16:23:28'),
(96, 10, 'Cilacap', 53200, 1, 0, '0000-00-00 00:00:00', '2015-02-26 16:23:28', '2015-02-26 16:23:28'),
(97, 10, 'Demak', 59500, 1, 0, '0000-00-00 00:00:00', '2015-02-26 16:23:28', '2015-02-26 16:23:28'),
(98, 10, 'Grobogan', 58152, 1, 0, '0000-00-00 00:00:00', '2015-02-26 16:23:28', '2015-02-26 16:23:28'),
(99, 10, 'Jepara', 59400, 1, 0, '0000-00-00 00:00:00', '2015-02-26 16:23:28', '2015-02-26 16:23:28'),
(100, 10, 'Karanganyar', 57700, 1, 0, '0000-00-00 00:00:00', '2015-02-26 16:23:28', '2015-02-26 16:23:28'),
(101, 10, 'Kebumen', 54300, 1, 0, '0000-00-00 00:00:00', '2015-02-26 16:23:28', '2015-02-26 16:23:28'),
(102, 10, 'Kendal', 51300, 1, 0, '0000-00-00 00:00:00', '2015-02-26 16:23:28', '2015-02-26 16:23:28'),
(103, 10, 'Klaten', 57400, 1, 0, '0000-00-00 00:00:00', '2015-02-26 16:23:29', '2015-02-26 16:23:29'),
(104, 10, 'Kudus', 59300, 1, 0, '0000-00-00 00:00:00', '2015-02-26 16:23:29', '2015-02-26 16:23:29'),
(105, 10, 'Magelang', 56100, 1, 0, '0000-00-00 00:00:00', '2015-02-26 16:23:29', '2015-02-26 16:23:29'),
(106, 10, 'Magelang', 56100, 2, 0, '0000-00-00 00:00:00', '2015-02-26 16:23:29', '2015-02-26 16:23:29'),
(107, 10, 'Pati', 59100, 1, 0, '0000-00-00 00:00:00', '2015-02-26 16:23:29', '2015-02-26 16:23:29'),
(108, 10, 'Pekalongan', 51100, 1, 0, '0000-00-00 00:00:00', '2015-02-26 16:23:29', '2015-02-26 16:23:29'),
(109, 10, 'Pekalongan', 51100, 2, 0, '0000-00-00 00:00:00', '2015-02-26 16:23:29', '2015-02-26 16:23:29'),
(110, 10, 'Pemalang', 52300, 1, 0, '0000-00-00 00:00:00', '2015-02-26 16:23:29', '2015-02-26 16:23:29'),
(111, 10, 'Purbalingga', 53300, 1, 0, '0000-00-00 00:00:00', '2015-02-26 16:23:29', '2015-02-26 16:23:29'),
(112, 10, 'Purworejo', 54100, 1, 0, '0000-00-00 00:00:00', '2015-02-26 16:23:29', '2015-02-26 16:23:29'),
(113, 10, 'Rembang', 59200, 1, 0, '0000-00-00 00:00:00', '2015-02-26 16:23:29', '2015-02-26 16:23:29'),
(114, 10, 'Salatiga', 50700, 2, 0, '0000-00-00 00:00:00', '2015-02-26 16:23:29', '2015-02-26 16:23:29'),
(115, 10, 'Semarang', 50000, 1, 0, '0000-00-00 00:00:00', '2015-02-26 16:23:29', '2015-02-26 16:23:29'),
(116, 10, 'Semarang', 50000, 2, 0, '0000-00-00 00:00:00', '2015-02-26 16:23:29', '2015-02-26 16:23:29'),
(117, 10, 'Sragen', 57200, 1, 0, '0000-00-00 00:00:00', '2015-02-26 16:23:29', '2015-02-26 16:23:29'),
(118, 10, 'Sukoharjo', 57500, 1, 0, '0000-00-00 00:00:00', '2015-02-26 16:23:29', '2015-02-26 16:23:29'),
(119, 10, 'Surakarta (Solo)', 57100, 2, 0, '0000-00-00 00:00:00', '2015-02-26 16:23:29', '2015-02-26 16:23:29'),
(120, 10, 'Tegal', 52100, 1, 0, '0000-00-00 00:00:00', '2015-02-26 16:23:29', '2015-02-26 16:23:29'),
(121, 10, 'Tegal', 52100, 2, 0, '0000-00-00 00:00:00', '2015-02-26 16:23:29', '2015-02-26 16:23:29'),
(122, 10, 'Temanggung', 56200, 1, 0, '0000-00-00 00:00:00', '2015-02-26 16:23:29', '2015-02-26 16:23:29'),
(123, 10, 'Wonogiri', 57600, 1, 0, '0000-00-00 00:00:00', '2015-02-26 16:23:29', '2015-02-26 16:23:29'),
(124, 10, 'Wonosobo', 56300, 1, 0, '0000-00-00 00:00:00', '2015-02-26 16:23:29', '2015-02-26 16:23:29'),
(125, 11, 'Bangkalan', 69100, 1, 0, '0000-00-00 00:00:00', '2015-02-26 16:23:30', '2015-02-26 16:23:30'),
(126, 11, 'Banyuwangi', 68400, 1, 0, '0000-00-00 00:00:00', '2015-02-26 16:23:30', '2015-02-26 16:23:30'),
(127, 11, 'Batu', 65311, 2, 0, '0000-00-00 00:00:00', '2015-02-26 16:23:30', '2015-02-26 16:23:30'),
(128, 11, 'Blitar', 66100, 1, 0, '0000-00-00 00:00:00', '2015-02-26 16:23:30', '2015-02-26 16:23:30'),
(129, 11, 'Blitar', 66100, 2, 0, '0000-00-00 00:00:00', '2015-02-26 16:23:30', '2015-02-26 16:23:30'),
(130, 11, 'Bojonegoro', 62100, 1, 0, '0000-00-00 00:00:00', '2015-02-26 16:23:30', '2015-02-26 16:23:30'),
(131, 11, 'Bondowoso', 68200, 1, 0, '0000-00-00 00:00:00', '2015-02-26 16:23:30', '2015-02-26 16:23:30'),
(132, 11, 'Gresik', 61100, 1, 0, '0000-00-00 00:00:00', '2015-02-26 16:23:30', '2015-02-26 16:23:30'),
(133, 11, 'Jember', 68100, 1, 0, '0000-00-00 00:00:00', '2015-02-26 16:23:31', '2015-02-26 16:23:31'),
(134, 11, 'Jombang', 61400, 1, 0, '0000-00-00 00:00:00', '2015-02-26 16:23:31', '2015-02-26 16:23:31'),
(135, 11, 'Kediri', 64100, 1, 0, '0000-00-00 00:00:00', '2015-02-26 16:23:31', '2015-02-26 16:23:31'),
(136, 11, 'Kediri', 64100, 2, 0, '0000-00-00 00:00:00', '2015-02-26 16:23:31', '2015-02-26 16:23:31'),
(137, 11, 'Lamongan', 62200, 1, 0, '0000-00-00 00:00:00', '2015-02-26 16:23:31', '2015-02-26 16:23:31'),
(138, 11, 'Lumajang', 67300, 1, 0, '0000-00-00 00:00:00', '2015-02-26 16:23:31', '2015-02-26 16:23:31'),
(139, 11, 'Madiun', 63100, 1, 0, '0000-00-00 00:00:00', '2015-02-26 16:23:31', '2015-02-26 16:23:31'),
(140, 11, 'Madiun', 63100, 2, 0, '0000-00-00 00:00:00', '2015-02-26 16:23:31', '2015-02-26 16:23:31'),
(141, 11, 'Magetan', 63300, 1, 0, '0000-00-00 00:00:00', '2015-02-26 16:23:31', '2015-02-26 16:23:31'),
(142, 11, 'Malang', 65100, 1, 0, '0000-00-00 00:00:00', '2015-02-26 16:23:31', '2015-02-26 16:23:31'),
(143, 11, 'Malang', 65100, 2, 0, '0000-00-00 00:00:00', '2015-02-26 16:23:31', '2015-02-26 16:23:31'),
(144, 11, 'Mojokerto', 61300, 1, 0, '0000-00-00 00:00:00', '2015-02-26 16:23:31', '2015-02-26 16:23:31'),
(145, 11, 'Mojokerto', 61300, 2, 0, '0000-00-00 00:00:00', '2015-02-26 16:23:31', '2015-02-26 16:23:31'),
(146, 11, 'Nganjuk', 64400, 1, 0, '0000-00-00 00:00:00', '2015-02-26 16:23:31', '2015-02-26 16:23:31'),
(147, 11, 'Ngawi', 63200, 1, 0, '0000-00-00 00:00:00', '2015-02-26 16:23:31', '2015-02-26 16:23:31'),
(148, 11, 'Pacitan', 63500, 1, 0, '0000-00-00 00:00:00', '2015-02-26 16:23:31', '2015-02-26 16:23:31'),
(149, 11, 'Pamekasan', 69300, 1, 0, '0000-00-00 00:00:00', '2015-02-26 16:23:31', '2015-02-26 16:23:31'),
(150, 11, 'Pasuruan', 67100, 1, 0, '0000-00-00 00:00:00', '2015-02-26 16:23:31', '2015-02-26 16:23:31'),
(151, 11, 'Pasuruan', 67100, 2, 0, '0000-00-00 00:00:00', '2015-02-26 16:23:31', '2015-02-26 16:23:31'),
(152, 11, 'Ponorogo', 63400, 1, 0, '0000-00-00 00:00:00', '2015-02-26 16:23:31', '2015-02-26 16:23:31'),
(153, 11, 'Probolinggo', 67200, 1, 0, '0000-00-00 00:00:00', '2015-02-26 16:23:31', '2015-02-26 16:23:31'),
(154, 11, 'Probolinggo', 67200, 2, 0, '0000-00-00 00:00:00', '2015-02-26 16:23:31', '2015-02-26 16:23:31'),
(155, 11, 'Sampang', 69200, 1, 0, '0000-00-00 00:00:00', '2015-02-26 16:23:31', '2015-02-26 16:23:31'),
(156, 11, 'Sidoarjo', 61200, 1, 0, '0000-00-00 00:00:00', '2015-02-26 16:23:31', '2015-02-26 16:23:31'),
(157, 11, 'Situbondo', 68300, 1, 0, '0000-00-00 00:00:00', '2015-02-26 16:23:31', '2015-02-26 16:23:31'),
(158, 11, 'Sumenep', 69400, 1, 0, '0000-00-00 00:00:00', '2015-02-26 16:23:31', '2015-02-26 16:23:31'),
(159, 11, 'Surabaya', 60000, 2, 0, '0000-00-00 00:00:00', '2015-02-26 16:23:31', '2015-02-26 16:23:31'),
(160, 11, 'Trenggalek', 66300, 1, 0, '0000-00-00 00:00:00', '2015-02-26 16:23:31', '2015-02-26 16:23:31'),
(161, 11, 'Tuban', 62300, 1, 0, '0000-00-00 00:00:00', '2015-02-26 16:23:31', '2015-02-26 16:23:31'),
(162, 11, 'Tulungagung', 66200, 1, 0, '0000-00-00 00:00:00', '2015-02-26 16:23:31', '2015-02-26 16:23:31'),
(163, 12, 'Bengkayang', 79200, 1, 0, '0000-00-00 00:00:00', '2015-02-26 16:23:32', '2015-02-26 16:23:32'),
(164, 12, 'Kapuas Hulu', 78700, 1, 0, '0000-00-00 00:00:00', '2015-02-26 16:23:32', '2015-02-26 16:23:32'),
(165, 12, 'Kayong Utara', 78800, 1, 0, '0000-00-00 00:00:00', '2015-02-26 16:23:32', '2015-02-26 16:23:32'),
(166, 12, 'Ketapang', 78800, 1, 0, '0000-00-00 00:00:00', '2015-02-26 16:23:32', '2015-02-26 16:23:32'),
(167, 12, 'Kubu Raya', 78000, 1, 0, '0000-00-00 00:00:00', '2015-02-26 16:23:32', '2015-02-26 16:23:32'),
(168, 12, 'Landak', 79357, 1, 0, '0000-00-00 00:00:00', '2015-02-26 16:23:32', '2015-02-26 16:23:32'),
(169, 12, 'Melawi', 78672, 1, 0, '0000-00-00 00:00:00', '2015-02-26 16:23:32', '2015-02-26 16:23:32'),
(170, 12, 'Pontianak', 78000, 1, 0, '0000-00-00 00:00:00', '2015-02-26 16:23:32', '2015-02-26 16:23:32'),
(171, 12, 'Pontianak', 78000, 2, 0, '0000-00-00 00:00:00', '2015-02-26 16:23:32', '2015-02-26 16:23:32'),
(172, 12, 'Sambas', 79400, 1, 0, '0000-00-00 00:00:00', '2015-02-26 16:23:32', '2015-02-26 16:23:32'),
(173, 12, 'Sanggau', 78500, 1, 0, '0000-00-00 00:00:00', '2015-02-26 16:23:32', '2015-02-26 16:23:32'),
(174, 12, 'Sekadau', 78582, 1, 0, '0000-00-00 00:00:00', '2015-02-26 16:23:32', '2015-02-26 16:23:32'),
(175, 12, 'Singkawang', 79100, 2, 0, '0000-00-00 00:00:00', '2015-02-26 16:23:32', '2015-02-26 16:23:32'),
(176, 12, 'Sintang', 78600, 1, 0, '0000-00-00 00:00:00', '2015-02-26 16:23:32', '2015-02-26 16:23:32'),
(177, 13, 'Balangan', 71400, 1, 0, '0000-00-00 00:00:00', '2015-02-26 16:23:33', '2015-02-26 16:23:33'),
(178, 13, 'Banjar', 70600, 1, 0, '0000-00-00 00:00:00', '2015-02-26 16:23:33', '2015-02-26 16:23:33'),
(179, 13, 'Banjarbaru', 70700, 2, 0, '0000-00-00 00:00:00', '2015-02-26 16:23:33', '2015-02-26 16:23:33'),
(180, 13, 'Banjarmasin', 70000, 2, 0, '0000-00-00 00:00:00', '2015-02-26 16:23:33', '2015-02-26 16:23:33'),
(181, 13, 'Barito Kuala', 70500, 1, 0, '0000-00-00 00:00:00', '2015-02-26 16:23:33', '2015-02-26 16:23:33'),
(182, 13, 'Hulu Sungai Selatan', 71200, 1, 0, '0000-00-00 00:00:00', '2015-02-26 16:23:33', '2015-02-26 16:23:33'),
(183, 13, 'Hulu Sungai Tengah', 71300, 1, 0, '0000-00-00 00:00:00', '2015-02-26 16:23:33', '2015-02-26 16:23:33'),
(184, 13, 'Hulu Sungai Utara', 71400, 1, 0, '0000-00-00 00:00:00', '2015-02-26 16:23:33', '2015-02-26 16:23:33'),
(185, 13, 'Kotabaru', 72100, 1, 0, '0000-00-00 00:00:00', '2015-02-26 16:23:33', '2015-02-26 16:23:33'),
(186, 13, 'Tabalong', 71500, 1, 0, '0000-00-00 00:00:00', '2015-02-26 16:23:33', '2015-02-26 16:23:33'),
(187, 13, 'Tanah Bumbu', 70000, 1, 0, '0000-00-00 00:00:00', '2015-02-26 16:23:33', '2015-02-26 16:23:33'),
(188, 13, 'Tanah Laut', 70800, 1, 0, '0000-00-00 00:00:00', '2015-02-26 16:23:34', '2015-02-26 16:23:34'),
(189, 13, 'Tapin', 71100, 1, 0, '0000-00-00 00:00:00', '2015-02-26 16:23:34', '2015-02-26 16:23:34'),
(190, 14, 'Barito Selatan', 73700, 1, 0, '0000-00-00 00:00:00', '2015-02-26 16:23:34', '2015-02-26 16:23:34'),
(191, 14, 'Barito Timur', 73600, 1, 0, '0000-00-00 00:00:00', '2015-02-26 16:23:34', '2015-02-26 16:23:34'),
(192, 14, 'Barito Utara', 73800, 1, 0, '0000-00-00 00:00:00', '2015-02-26 16:23:35', '2015-02-26 16:23:35'),
(193, 14, 'Gunung Mas', 74500, 1, 0, '0000-00-00 00:00:00', '2015-02-26 16:23:35', '2015-02-26 16:23:35'),
(194, 14, 'Kapuas', 73500, 1, 0, '0000-00-00 00:00:00', '2015-02-26 16:23:35', '2015-02-26 16:23:35'),
(195, 14, 'Katingan', 74400, 1, 0, '0000-00-00 00:00:00', '2015-02-26 16:23:35', '2015-02-26 16:23:35'),
(196, 14, 'Kotawaringin Barat', 74100, 1, 0, '0000-00-00 00:00:00', '2015-02-26 16:23:35', '2015-02-26 16:23:35'),
(197, 14, 'Kotawaringin Timur', 74300, 1, 0, '0000-00-00 00:00:00', '2015-02-26 16:23:35', '2015-02-26 16:23:35'),
(198, 14, 'Lamandau', 74100, 1, 0, '0000-00-00 00:00:00', '2015-02-26 16:23:35', '2015-02-26 16:23:35'),
(199, 14, 'Murung Raya', 73900, 1, 0, '0000-00-00 00:00:00', '2015-02-26 16:23:35', '2015-02-26 16:23:35'),
(200, 14, 'Palangka Raya', 73000, 2, 0, '0000-00-00 00:00:00', '2015-02-26 16:23:35', '2015-02-26 16:23:35'),
(201, 14, 'Pulang Pisau', 73561, 1, 0, '0000-00-00 00:00:00', '2015-02-26 16:23:35', '2015-02-26 16:23:35'),
(202, 14, 'Seruyan', 74200, 1, 0, '0000-00-00 00:00:00', '2015-02-26 16:23:35', '2015-02-26 16:23:35'),
(203, 14, 'Sukamara', 74172, 1, 0, '0000-00-00 00:00:00', '2015-02-26 16:23:35', '2015-02-26 16:23:35'),
(204, 15, 'Balikpapan', 76100, 2, 0, '0000-00-00 00:00:00', '2015-02-26 16:23:36', '2015-02-26 16:23:36'),
(205, 15, 'Berau', 77300, 1, 0, '0000-00-00 00:00:00', '2015-02-26 16:23:36', '2015-02-26 16:23:36'),
(206, 15, 'Bontang', 75300, 2, 0, '0000-00-00 00:00:00', '2015-02-26 16:23:36', '2015-02-26 16:23:36'),
(207, 15, 'Kutai Barat', 75000, 1, 0, '0000-00-00 00:00:00', '2015-02-26 16:23:36', '2015-02-26 16:23:36'),
(208, 15, 'Kutai Kartanegara', 75500, 1, 0, '0000-00-00 00:00:00', '2015-02-26 16:23:36', '2015-02-26 16:23:36'),
(209, 15, 'Kutai Timur', 75556, 1, 0, '0000-00-00 00:00:00', '2015-02-26 16:23:36', '2015-02-26 16:23:36'),
(210, 15, 'Paser', 76200, 1, 0, '0000-00-00 00:00:00', '2015-02-26 16:23:36', '2015-02-26 16:23:36'),
(211, 15, 'Penajam Paser Utara', 76141, 1, 0, '0000-00-00 00:00:00', '2015-02-26 16:23:36', '2015-02-26 16:23:36'),
(212, 15, 'Samarinda', 75000, 2, 0, '0000-00-00 00:00:00', '2015-02-26 16:23:36', '2015-02-26 16:23:36'),
(213, 16, 'Bulungan (Bulongan)', 77200, 1, 0, '0000-00-00 00:00:00', '2015-02-26 16:23:37', '2015-02-26 16:23:37'),
(214, 16, 'Malinau', 77154, 1, 0, '0000-00-00 00:00:00', '2015-02-26 16:23:37', '2015-02-26 16:23:37'),
(215, 16, 'Nunukan', 77182, 1, 0, '0000-00-00 00:00:00', '2015-02-26 16:23:37', '2015-02-26 16:23:37'),
(216, 16, 'Tana Tidung', 77152, 1, 0, '0000-00-00 00:00:00', '2015-02-26 16:23:37', '2015-02-26 16:23:37'),
(217, 16, 'Tarakan', 77100, 2, 0, '0000-00-00 00:00:00', '2015-02-26 16:23:37', '2015-02-26 16:23:37'),
(218, 17, 'Batam', 29400, 2, 0, '0000-00-00 00:00:00', '2015-02-26 16:23:38', '2015-02-26 16:23:38'),
(219, 17, 'Bintan', 29100, 1, 0, '0000-00-00 00:00:00', '2015-02-26 16:23:38', '2015-02-26 16:23:38'),
(220, 17, 'Karimun', 29600, 1, 0, '0000-00-00 00:00:00', '2015-02-26 16:23:38', '2015-02-26 16:23:38'),
(221, 17, 'Kepulauan Anambas', 29700, 1, 0, '0000-00-00 00:00:00', '2015-02-26 16:23:38', '2015-02-26 16:23:38'),
(222, 17, 'Lingga', 29800, 1, 0, '0000-00-00 00:00:00', '2015-02-26 16:23:38', '2015-02-26 16:23:38'),
(223, 17, 'Natuna', 29700, 1, 0, '0000-00-00 00:00:00', '2015-02-26 16:23:38', '2015-02-26 16:23:38'),
(224, 17, 'Tanjung Pinang', 29100, 2, 0, '0000-00-00 00:00:00', '2015-02-26 16:23:39', '2015-02-26 16:23:39'),
(225, 18, 'Bandar Lampung', 35000, 2, 0, '0000-00-00 00:00:00', '2015-02-26 16:23:39', '2015-02-26 16:23:39'),
(226, 18, 'Lampung Barat', 35000, 1, 0, '0000-00-00 00:00:00', '2015-02-26 16:23:39', '2015-02-26 16:23:39'),
(227, 18, 'Lampung Selatan', 35000, 1, 0, '0000-00-00 00:00:00', '2015-02-26 16:23:39', '2015-02-26 16:23:39'),
(228, 18, 'Lampung Tengah', 34100, 1, 0, '0000-00-00 00:00:00', '2015-02-26 16:23:39', '2015-02-26 16:23:39'),
(229, 18, 'Lampung Timur', 34100, 1, 0, '0000-00-00 00:00:00', '2015-02-26 16:23:39', '2015-02-26 16:23:39'),
(230, 18, 'Lampung Utara', 34500, 1, 0, '0000-00-00 00:00:00', '2015-02-26 16:23:39', '2015-02-26 16:23:39'),
(231, 18, 'Mesuji', 34500, 1, 0, '0000-00-00 00:00:00', '2015-02-26 16:23:39', '2015-02-26 16:23:39'),
(232, 18, 'Metro', 34100, 2, 0, '0000-00-00 00:00:00', '2015-02-26 16:23:39', '2015-02-26 16:23:39'),
(233, 18, 'Pesawaran', 35000, 1, 0, '0000-00-00 00:00:00', '2015-02-26 16:23:39', '2015-02-26 16:23:39'),
(234, 18, 'Pesisir Barat', 34574, 1, 0, '0000-00-00 00:00:00', '2015-02-26 16:23:40', '2015-02-26 16:23:40'),
(235, 18, 'Pringsewu', 35373, 1, 0, '0000-00-00 00:00:00', '2015-02-26 16:23:40', '2015-02-26 16:23:40'),
(236, 18, 'Tanggamus', 35000, 1, 0, '0000-00-00 00:00:00', '2015-02-26 16:23:40', '2015-02-26 16:23:40'),
(237, 18, 'Tulang Bawang', 34500, 1, 0, '0000-00-00 00:00:00', '2015-02-26 16:23:40', '2015-02-26 16:23:40'),
(238, 18, 'Tulang Bawang Barat', 34500, 1, 0, '0000-00-00 00:00:00', '2015-02-26 16:23:40', '2015-02-26 16:23:40'),
(239, 18, 'Way Kanan', 35000, 1, 0, '0000-00-00 00:00:00', '2015-02-26 16:23:40', '2015-02-26 16:23:40'),
(240, 19, 'Ambon', 97000, 2, 0, '0000-00-00 00:00:00', '2015-02-26 16:23:40', '2015-02-26 16:23:40'),
(241, 19, 'Buru', 97500, 1, 0, '0000-00-00 00:00:00', '2015-02-26 16:23:40', '2015-02-26 16:23:40'),
(242, 19, 'Buru Selatan', 97500, 1, 0, '0000-00-00 00:00:00', '2015-02-26 16:23:40', '2015-02-26 16:23:40'),
(243, 19, 'Kepulauan Aru', 97600, 1, 0, '0000-00-00 00:00:00', '2015-02-26 16:23:40', '2015-02-26 16:23:40'),
(244, 19, 'Maluku Barat Daya', 97000, 1, 0, '0000-00-00 00:00:00', '2015-02-26 16:23:40', '2015-02-26 16:23:40'),
(245, 19, 'Maluku Tengah', 97500, 1, 0, '0000-00-00 00:00:00', '2015-02-26 16:23:41', '2015-02-26 16:23:41'),
(246, 19, 'Maluku Tenggara', 97600, 1, 0, '0000-00-00 00:00:00', '2015-02-26 16:23:41', '2015-02-26 16:23:41'),
(247, 19, 'Maluku Tenggara Barat', 97600, 1, 0, '0000-00-00 00:00:00', '2015-02-26 16:23:41', '2015-02-26 16:23:41'),
(248, 19, 'Seram Bagian Barat', 97500, 1, 0, '0000-00-00 00:00:00', '2015-02-26 16:23:41', '2015-02-26 16:23:41'),
(249, 19, 'Seram Bagian Timur', 97500, 1, 0, '0000-00-00 00:00:00', '2015-02-26 16:23:41', '2015-02-26 16:23:41'),
(250, 19, 'Tual', 97600, 2, 0, '0000-00-00 00:00:00', '2015-02-26 16:23:41', '2015-02-26 16:23:41'),
(251, 20, 'Halmahera Barat', 97700, 1, 0, '0000-00-00 00:00:00', '2015-02-26 16:23:41', '2015-02-26 16:23:41'),
(252, 20, 'Halmahera Selatan', 97700, 1, 0, '0000-00-00 00:00:00', '2015-02-26 16:23:41', '2015-02-26 16:23:41'),
(253, 20, 'Halmahera Tengah', 97800, 1, 0, '0000-00-00 00:00:00', '2015-02-26 16:23:41', '2015-02-26 16:23:41'),
(254, 20, 'Halmahera Timur', 97800, 1, 0, '0000-00-00 00:00:00', '2015-02-26 16:23:41', '2015-02-26 16:23:41'),
(255, 20, 'Halmahera Utara', 97700, 1, 0, '0000-00-00 00:00:00', '2015-02-26 16:23:41', '2015-02-26 16:23:41'),
(256, 20, 'Kepulauan Sula', 97700, 1, 0, '0000-00-00 00:00:00', '2015-02-26 16:23:41', '2015-02-26 16:23:41'),
(257, 20, 'Pulau Morotai', 97771, 1, 0, '0000-00-00 00:00:00', '2015-02-26 16:23:41', '2015-02-26 16:23:41'),
(258, 20, 'Ternate', 97700, 2, 0, '0000-00-00 00:00:00', '2015-02-26 16:23:41', '2015-02-26 16:23:41'),
(259, 20, 'Tidore Kepulauan', 97800, 2, 0, '0000-00-00 00:00:00', '2015-02-26 16:23:42', '2015-02-26 16:23:42'),
(260, 21, 'Aceh Barat', 23600, 1, 0, '0000-00-00 00:00:00', '2015-02-26 16:23:42', '2015-02-26 16:23:42'),
(261, 21, 'Aceh Barat Daya', 23700, 1, 0, '0000-00-00 00:00:00', '2015-02-26 16:23:42', '2015-02-26 16:23:42'),
(262, 21, 'Aceh Besar', 23000, 1, 0, '0000-00-00 00:00:00', '2015-02-26 16:23:42', '2015-02-26 16:23:42'),
(263, 21, 'Aceh Jaya', 23600, 1, 0, '0000-00-00 00:00:00', '2015-02-26 16:23:42', '2015-02-26 16:23:42'),
(264, 21, 'Aceh Selatan', 23700, 1, 0, '0000-00-00 00:00:00', '2015-02-26 16:23:42', '2015-02-26 16:23:42'),
(265, 21, 'Aceh Singkil', 24700, 1, 0, '0000-00-00 00:00:00', '2015-02-26 16:23:42', '2015-02-26 16:23:42'),
(266, 21, 'Aceh Tamiang', 24400, 1, 0, '0000-00-00 00:00:00', '2015-02-26 16:23:42', '2015-02-26 16:23:42'),
(267, 21, 'Aceh Tengah', 24500, 1, 0, '0000-00-00 00:00:00', '2015-02-26 16:23:42', '2015-02-26 16:23:42'),
(268, 21, 'Aceh Tenggara', 24600, 1, 0, '0000-00-00 00:00:00', '2015-02-26 16:23:42', '2015-02-26 16:23:42'),
(269, 21, 'Aceh Timur', 24400, 1, 0, '0000-00-00 00:00:00', '2015-02-26 16:23:42', '2015-02-26 16:23:42'),
(270, 21, 'Aceh Utara', 24300, 1, 0, '0000-00-00 00:00:00', '2015-02-26 16:23:42', '2015-02-26 16:23:42'),
(271, 21, 'Banda Aceh', 23000, 2, 0, '0000-00-00 00:00:00', '2015-02-26 16:23:42', '2015-02-26 16:23:42'),
(272, 21, 'Bener Meriah', 24500, 1, 0, '0000-00-00 00:00:00', '2015-02-26 16:23:42', '2015-02-26 16:23:42'),
(273, 21, 'Bireuen', 24200, 1, 0, '0000-00-00 00:00:00', '2015-02-26 16:23:43', '2015-02-26 16:23:43'),
(274, 21, 'Gayo Lues', 24600, 1, 0, '0000-00-00 00:00:00', '2015-02-26 16:23:43', '2015-02-26 16:23:43'),
(275, 21, 'Langsa', 24400, 2, 0, '0000-00-00 00:00:00', '2015-02-26 16:23:43', '2015-02-26 16:23:43'),
(276, 21, 'Lhokseumawe', 24300, 2, 0, '0000-00-00 00:00:00', '2015-02-26 16:23:43', '2015-02-26 16:23:43'),
(277, 21, 'Nagan Raya', 23600, 1, 0, '0000-00-00 00:00:00', '2015-02-26 16:23:43', '2015-02-26 16:23:43'),
(278, 21, 'Pidie', 24100, 1, 0, '0000-00-00 00:00:00', '2015-02-26 16:23:43', '2015-02-26 16:23:43'),
(279, 21, 'Pidie Jaya', 24100, 1, 0, '0000-00-00 00:00:00', '2015-02-26 16:23:43', '2015-02-26 16:23:43'),
(280, 21, 'Sabang', 23500, 2, 0, '0000-00-00 00:00:00', '2015-02-26 16:23:43', '2015-02-26 16:23:43'),
(281, 21, 'Simeulue', 23000, 1, 0, '0000-00-00 00:00:00', '2015-02-26 16:23:43', '2015-02-26 16:23:43'),
(282, 21, 'Subulussalam', 23782, 2, 0, '0000-00-00 00:00:00', '2015-02-26 16:23:43', '2015-02-26 16:23:43'),
(283, 22, 'Bima', 84100, 1, 0, '0000-00-00 00:00:00', '2015-02-26 16:23:44', '2015-02-26 16:23:44'),
(284, 22, 'Bima', 84100, 2, 0, '0000-00-00 00:00:00', '2015-02-26 16:23:44', '2015-02-26 16:23:44'),
(285, 22, 'Dompu', 84200, 1, 0, '0000-00-00 00:00:00', '2015-02-26 16:23:44', '2015-02-26 16:23:44'),
(286, 22, 'Lombok Barat', 83363, 1, 0, '0000-00-00 00:00:00', '2015-02-26 16:23:44', '2015-02-26 16:23:44'),
(287, 22, 'Lombok Tengah', 83500, 1, 0, '0000-00-00 00:00:00', '2015-02-26 16:23:44', '2015-02-26 16:23:44'),
(288, 22, 'Lombok Timur', 83600, 1, 0, '0000-00-00 00:00:00', '2015-02-26 16:23:44', '2015-02-26 16:23:44'),
(289, 22, 'Lombok Utara', 83300, 1, 0, '0000-00-00 00:00:00', '2015-02-26 16:23:44', '2015-02-26 16:23:44'),
(290, 22, 'Mataram', 83000, 2, 0, '0000-00-00 00:00:00', '2015-02-26 16:23:44', '2015-02-26 16:23:44'),
(291, 22, 'Sumbawa', 84300, 1, 0, '0000-00-00 00:00:00', '2015-02-26 16:23:44', '2015-02-26 16:23:44'),
(292, 22, 'Sumbawa Barat', 84300, 1, 0, '0000-00-00 00:00:00', '2015-02-26 16:23:44', '2015-02-26 16:23:44'),
(293, 23, 'Alor', 85800, 1, 0, '0000-00-00 00:00:00', '2015-02-26 16:23:45', '2015-02-26 16:23:45'),
(294, 23, 'Belu', 85700, 1, 0, '0000-00-00 00:00:00', '2015-02-26 16:23:45', '2015-02-26 16:23:45'),
(295, 23, 'Ende', 86300, 1, 0, '0000-00-00 00:00:00', '2015-02-26 16:23:45', '2015-02-26 16:23:45'),
(296, 23, 'Flores Timur', 86200, 1, 0, '0000-00-00 00:00:00', '2015-02-26 16:23:45', '2015-02-26 16:23:45'),
(297, 23, 'Kupang', 85000, 1, 0, '0000-00-00 00:00:00', '2015-02-26 16:23:45', '2015-02-26 16:23:45'),
(298, 23, 'Kupang', 85000, 2, 0, '0000-00-00 00:00:00', '2015-02-26 16:23:45', '2015-02-26 16:23:45'),
(299, 23, 'Lembata', 86600, 1, 0, '0000-00-00 00:00:00', '2015-02-26 16:23:45', '2015-02-26 16:23:45'),
(300, 23, 'Manggarai', 86500, 1, 0, '0000-00-00 00:00:00', '2015-02-26 16:23:45', '2015-02-26 16:23:45'),
(301, 23, 'Manggarai Barat', 86753, 1, 0, '0000-00-00 00:00:00', '2015-02-26 16:23:45', '2015-02-26 16:23:45'),
(302, 23, 'Manggarai Timur', 86500, 1, 0, '0000-00-00 00:00:00', '2015-02-26 16:23:45', '2015-02-26 16:23:45'),
(303, 23, 'Nagekeo', 86400, 1, 0, '0000-00-00 00:00:00', '2015-02-26 16:23:45', '2015-02-26 16:23:45'),
(304, 23, 'Ngada', 86400, 1, 0, '0000-00-00 00:00:00', '2015-02-26 16:23:45', '2015-02-26 16:23:45'),
(305, 23, 'Rote Ndao', 85974, 1, 0, '0000-00-00 00:00:00', '2015-02-26 16:23:46', '2015-02-26 16:23:46'),
(306, 23, 'Sabu Raijua', 85391, 1, 0, '0000-00-00 00:00:00', '2015-02-26 16:23:46', '2015-02-26 16:23:46'),
(307, 23, 'Sikka', 86100, 1, 0, '0000-00-00 00:00:00', '2015-02-26 16:23:46', '2015-02-26 16:23:46'),
(308, 23, 'Sumba Barat', 87200, 1, 0, '0000-00-00 00:00:00', '2015-02-26 16:23:46', '2015-02-26 16:23:46'),
(309, 23, 'Sumba Barat Daya', 87200, 1, 0, '0000-00-00 00:00:00', '2015-02-26 16:23:46', '2015-02-26 16:23:46'),
(310, 23, 'Sumba Tengah', 87200, 1, 0, '0000-00-00 00:00:00', '2015-02-26 16:23:46', '2015-02-26 16:23:46'),
(311, 23, 'Sumba Timur', 87100, 1, 0, '0000-00-00 00:00:00', '2015-02-26 16:23:46', '2015-02-26 16:23:46'),
(312, 23, 'Timor Tengah Selatan', 85500, 1, 0, '0000-00-00 00:00:00', '2015-02-26 16:23:46', '2015-02-26 16:23:46'),
(313, 23, 'Timor Tengah Utara', 85600, 1, 0, '0000-00-00 00:00:00', '2015-02-26 16:23:46', '2015-02-26 16:23:46'),
(314, 24, 'Asmat', 99700, 1, 0, '0000-00-00 00:00:00', '2015-02-26 16:23:47', '2015-02-26 16:23:47'),
(315, 24, 'Biak Numfor', 98100, 1, 0, '0000-00-00 00:00:00', '2015-02-26 16:23:47', '2015-02-26 16:23:47'),
(316, 24, 'Boven Digoel', 99600, 1, 0, '0000-00-00 00:00:00', '2015-02-26 16:23:47', '2015-02-26 16:23:47'),
(317, 24, 'Deiyai (Deliyai)', 98700, 1, 0, '0000-00-00 00:00:00', '2015-02-26 16:23:47', '2015-02-26 16:23:47'),
(318, 24, 'Dogiyai', 98800, 1, 0, '0000-00-00 00:00:00', '2015-02-26 16:23:47', '2015-02-26 16:23:47'),
(319, 24, 'Intan Jaya', 98700, 1, 0, '0000-00-00 00:00:00', '2015-02-26 16:23:47', '2015-02-26 16:23:47'),
(320, 24, 'Jayapura', 99000, 1, 0, '0000-00-00 00:00:00', '2015-02-26 16:23:47', '2015-02-26 16:23:47'),
(321, 24, 'Jayapura', 99000, 2, 0, '0000-00-00 00:00:00', '2015-02-26 16:23:47', '2015-02-26 16:23:47'),
(322, 24, 'Jayawijaya', 99500, 1, 0, '0000-00-00 00:00:00', '2015-02-26 16:23:47', '2015-02-26 16:23:47'),
(323, 24, 'Keerom', 99000, 1, 0, '0000-00-00 00:00:00', '2015-02-26 16:23:47', '2015-02-26 16:23:47'),
(324, 24, 'Kepulauan Yapen (Yapen Waropen)', 98200, 1, 0, '0000-00-00 00:00:00', '2015-02-26 16:23:47', '2015-02-26 16:23:47'),
(325, 24, 'Lanny Jaya', 99500, 1, 0, '0000-00-00 00:00:00', '2015-02-26 16:23:47', '2015-02-26 16:23:47'),
(326, 24, 'Mamberamo Raya', 99500, 1, 0, '0000-00-00 00:00:00', '2015-02-26 16:23:47', '2015-02-26 16:23:47'),
(327, 24, 'Mamberamo Tengah', 99500, 1, 0, '0000-00-00 00:00:00', '2015-02-26 16:23:47', '2015-02-26 16:23:47'),
(328, 24, 'Mappi', 99000, 1, 0, '0000-00-00 00:00:00', '2015-02-26 16:23:47', '2015-02-26 16:23:47'),
(329, 24, 'Merauke', 99600, 1, 0, '0000-00-00 00:00:00', '2015-02-26 16:23:47', '2015-02-26 16:23:47'),
(330, 24, 'Mimika', 99900, 1, 0, '0000-00-00 00:00:00', '2015-02-26 16:23:47', '2015-02-26 16:23:47'),
(331, 24, 'Nabire', 98800, 1, 0, '0000-00-00 00:00:00', '2015-02-26 16:23:47', '2015-02-26 16:23:47'),
(332, 24, 'Nduga', 99500, 1, 0, '0000-00-00 00:00:00', '2015-02-26 16:23:47', '2015-02-26 16:23:47'),
(333, 24, 'Paniai', 98700, 1, 0, '0000-00-00 00:00:00', '2015-02-26 16:23:47', '2015-02-26 16:23:47'),
(334, 24, 'Pegunungan Bintang', 99500, 1, 0, '0000-00-00 00:00:00', '2015-02-26 16:23:47', '2015-02-26 16:23:47'),
(335, 24, 'Puncak', 98900, 1, 0, '0000-00-00 00:00:00', '2015-02-26 16:23:47', '2015-02-26 16:23:47'),
(336, 24, 'Puncak Jaya', 98900, 1, 0, '0000-00-00 00:00:00', '2015-02-26 16:23:47', '2015-02-26 16:23:47'),
(337, 24, 'Sarmi', 99373, 1, 0, '0000-00-00 00:00:00', '2015-02-26 16:23:47', '2015-02-26 16:23:47'),
(338, 24, 'Supiori', 98100, 1, 0, '0000-00-00 00:00:00', '2015-02-26 16:23:47', '2015-02-26 16:23:47'),
(339, 24, 'Tolikara', 99562, 1, 0, '0000-00-00 00:00:00', '2015-02-26 16:23:47', '2015-02-26 16:23:47'),
(340, 24, 'Waropen', 98200, 1, 0, '0000-00-00 00:00:00', '2015-02-26 16:23:48', '2015-02-26 16:23:48'),
(341, 24, 'Yahukimo', 99500, 1, 0, '0000-00-00 00:00:00', '2015-02-26 16:23:48', '2015-02-26 16:23:48'),
(342, 24, 'Yalimo', 99500, 1, 0, '0000-00-00 00:00:00', '2015-02-26 16:23:48', '2015-02-26 16:23:48'),
(343, 25, 'Fakfak', 98600, 1, 0, '0000-00-00 00:00:00', '2015-02-26 16:23:48', '2015-02-26 16:23:48'),
(344, 25, 'Kaimana', 98654, 1, 0, '0000-00-00 00:00:00', '2015-02-26 16:23:48', '2015-02-26 16:23:48'),
(345, 25, 'Manokwari', 98300, 1, 0, '0000-00-00 00:00:00', '2015-02-26 16:23:48', '2015-02-26 16:23:48'),
(346, 25, 'Manokwari Selatan', 98300, 1, 0, '0000-00-00 00:00:00', '2015-02-26 16:23:48', '2015-02-26 16:23:48'),
(347, 25, 'Maybrat', 99000, 1, 0, '0000-00-00 00:00:00', '2015-02-26 16:23:48', '2015-02-26 16:23:48'),
(348, 25, 'Pegunungan Arfak', 98300, 1, 0, '0000-00-00 00:00:00', '2015-02-26 16:23:48', '2015-02-26 16:23:48'),
(349, 25, 'Raja Ampat', 98400, 1, 0, '0000-00-00 00:00:00', '2015-02-26 16:23:48', '2015-02-26 16:23:48'),
(350, 25, 'Sorong', 98400, 1, 0, '0000-00-00 00:00:00', '2015-02-26 16:23:48', '2015-02-26 16:23:48'),
(351, 25, 'Sorong', 98400, 2, 0, '0000-00-00 00:00:00', '2015-02-26 16:23:48', '2015-02-26 16:23:48'),
(352, 25, 'Sorong Selatan', 98400, 1, 0, '0000-00-00 00:00:00', '2015-02-26 16:23:48', '2015-02-26 16:23:48'),
(353, 25, 'Tambrauw', 98400, 1, 0, '0000-00-00 00:00:00', '2015-02-26 16:23:48', '2015-02-26 16:23:48'),
(354, 25, 'Teluk Bintuni', 98300, 1, 0, '0000-00-00 00:00:00', '2015-02-26 16:23:49', '2015-02-26 16:23:49'),
(355, 25, 'Teluk Wondama', 98300, 1, 0, '0000-00-00 00:00:00', '2015-02-26 16:23:49', '2015-02-26 16:23:49'),
(356, 26, 'Bengkalis', 28700, 1, 0, '0000-00-00 00:00:00', '2015-02-26 16:23:49', '2015-02-26 16:23:49'),
(357, 26, 'Dumai', 28800, 2, 0, '0000-00-00 00:00:00', '2015-02-26 16:23:49', '2015-02-26 16:23:49'),
(358, 26, 'Indragiri Hilir', 29200, 1, 0, '0000-00-00 00:00:00', '2015-02-26 16:23:49', '2015-02-26 16:23:49'),
(359, 26, 'Indragiri Hulu', 29300, 1, 0, '0000-00-00 00:00:00', '2015-02-26 16:23:49', '2015-02-26 16:23:49'),
(360, 26, 'Kampar', 28400, 1, 0, '0000-00-00 00:00:00', '2015-02-26 16:23:49', '2015-02-26 16:23:49'),
(361, 26, 'Kepulauan Meranti', 28700, 1, 0, '0000-00-00 00:00:00', '2015-02-26 16:23:49', '2015-02-26 16:23:49'),
(362, 26, 'Kuantan Singingi', 29500, 1, 0, '0000-00-00 00:00:00', '2015-02-26 16:23:49', '2015-02-26 16:23:49'),
(363, 26, 'Pekanbaru', 28000, 2, 0, '0000-00-00 00:00:00', '2015-02-26 16:23:50', '2015-02-26 16:23:50'),
(364, 26, 'Pelalawan', 28300, 1, 0, '0000-00-00 00:00:00', '2015-02-26 16:23:50', '2015-02-26 16:23:50'),
(365, 26, 'Rokan Hilir', 28991, 1, 0, '0000-00-00 00:00:00', '2015-02-26 16:23:50', '2015-02-26 16:23:50'),
(366, 26, 'Rokan Hulu', 28455, 1, 0, '0000-00-00 00:00:00', '2015-02-26 16:23:50', '2015-02-26 16:23:50'),
(367, 26, 'Siak', 28686, 1, 0, '0000-00-00 00:00:00', '2015-02-26 16:23:50', '2015-02-26 16:23:50'),
(368, 27, 'Majene', 91400, 1, 0, '0000-00-00 00:00:00', '2015-02-26 16:23:50', '2015-02-26 16:23:50'),
(369, 27, 'Mamasa', 91363, 1, 0, '0000-00-00 00:00:00', '2015-02-26 16:23:50', '2015-02-26 16:23:50'),
(370, 27, 'Mamuju', 91500, 1, 0, '0000-00-00 00:00:00', '2015-02-26 16:23:50', '2015-02-26 16:23:50'),
(371, 27, 'Mamuju Utara', 91500, 1, 0, '0000-00-00 00:00:00', '2015-02-26 16:23:50', '2015-02-26 16:23:50'),
(372, 27, 'Polewali Mandar', 91300, 1, 0, '0000-00-00 00:00:00', '2015-02-26 16:23:50', '2015-02-26 16:23:50'),
(373, 28, 'Bantaeng', 92400, 1, 0, '0000-00-00 00:00:00', '2015-02-26 16:23:51', '2015-02-26 16:23:51'),
(374, 28, 'Barru', 90700, 1, 0, '0000-00-00 00:00:00', '2015-02-26 16:23:51', '2015-02-26 16:23:51'),
(375, 28, 'Bone', 92552, 1, 0, '0000-00-00 00:00:00', '2015-02-26 16:23:51', '2015-02-26 16:23:51'),
(376, 28, 'Bulukumba', 92500, 1, 0, '0000-00-00 00:00:00', '2015-02-26 16:23:51', '2015-02-26 16:23:51'),
(377, 28, 'Enrekang', 91700, 1, 0, '0000-00-00 00:00:00', '2015-02-26 16:23:51', '2015-02-26 16:23:51'),
(378, 28, 'Gowa', 92100, 1, 0, '0000-00-00 00:00:00', '2015-02-26 16:23:51', '2015-02-26 16:23:51'),
(379, 28, 'Jeneponto', 92300, 1, 0, '0000-00-00 00:00:00', '2015-02-26 16:23:51', '2015-02-26 16:23:51'),
(380, 28, 'Luwu', 91900, 1, 0, '0000-00-00 00:00:00', '2015-02-26 16:23:51', '2015-02-26 16:23:51'),
(381, 28, 'Luwu Timur', 91900, 1, 0, '0000-00-00 00:00:00', '2015-02-26 16:23:51', '2015-02-26 16:23:51'),
(382, 28, 'Luwu Utara', 91900, 1, 0, '0000-00-00 00:00:00', '2015-02-26 16:23:51', '2015-02-26 16:23:51'),
(383, 28, 'Makassar', 90000, 2, 0, '0000-00-00 00:00:00', '2015-02-26 16:23:52', '2015-02-26 16:23:52'),
(384, 28, 'Maros', 90500, 1, 0, '0000-00-00 00:00:00', '2015-02-26 16:23:52', '2015-02-26 16:23:52'),
(385, 28, 'Palopo', 91900, 2, 0, '0000-00-00 00:00:00', '2015-02-26 16:23:52', '2015-02-26 16:23:52'),
(386, 28, 'Pangkajene Kepulauan', 90600, 1, 0, '0000-00-00 00:00:00', '2015-02-26 16:23:52', '2015-02-26 16:23:52'),
(387, 28, 'Parepare', 91100, 2, 0, '0000-00-00 00:00:00', '2015-02-26 16:23:52', '2015-02-26 16:23:52'),
(388, 28, 'Pinrang', 91200, 1, 0, '0000-00-00 00:00:00', '2015-02-26 16:23:52', '2015-02-26 16:23:52'),
(389, 28, 'Selayar (Kepulauan Selayar)', 92800, 1, 0, '0000-00-00 00:00:00', '2015-02-26 16:23:52', '2015-02-26 16:23:52'),
(390, 28, 'Sidenreng Rappang/Rapang', 91600, 1, 0, '0000-00-00 00:00:00', '2015-02-26 16:23:52', '2015-02-26 16:23:52'),
(391, 28, 'Sinjai', 92600, 1, 0, '0000-00-00 00:00:00', '2015-02-26 16:23:52', '2015-02-26 16:23:52'),
(392, 28, 'Soppeng', 90800, 1, 0, '0000-00-00 00:00:00', '2015-02-26 16:23:52', '2015-02-26 16:23:52'),
(393, 28, 'Takalar', 92200, 1, 0, '0000-00-00 00:00:00', '2015-02-26 16:23:52', '2015-02-26 16:23:52'),
(394, 28, 'Tana Toraja', 91800, 1, 0, '0000-00-00 00:00:00', '2015-02-26 16:23:52', '2015-02-26 16:23:52'),
(395, 28, 'Toraja Utara', 91890, 1, 0, '0000-00-00 00:00:00', '2015-02-26 16:23:52', '2015-02-26 16:23:52'),
(396, 28, 'Wajo', 90900, 1, 0, '0000-00-00 00:00:00', '2015-02-26 16:23:52', '2015-02-26 16:23:52'),
(397, 29, 'Banggai', 94791, 1, 0, '0000-00-00 00:00:00', '2015-02-26 16:23:53', '2015-02-26 16:23:53'),
(398, 29, 'Banggai Kepulauan', 94791, 1, 0, '0000-00-00 00:00:00', '2015-02-26 16:23:53', '2015-02-26 16:23:53'),
(399, 29, 'Buol', 94500, 1, 0, '0000-00-00 00:00:00', '2015-02-26 16:23:53', '2015-02-26 16:23:53'),
(400, 29, 'Donggala', 94351, 1, 0, '0000-00-00 00:00:00', '2015-02-26 16:23:53', '2015-02-26 16:23:53'),
(401, 29, 'Morowali', 94000, 1, 0, '0000-00-00 00:00:00', '2015-02-26 16:23:53', '2015-02-26 16:23:53'),
(402, 29, 'Palu', 94000, 2, 0, '0000-00-00 00:00:00', '2015-02-26 16:23:53', '2015-02-26 16:23:53'),
(403, 29, 'Parigi Moutong', 94371, 1, 0, '0000-00-00 00:00:00', '2015-02-26 16:23:53', '2015-02-26 16:23:53'),
(404, 29, 'Poso', 94600, 1, 0, '0000-00-00 00:00:00', '2015-02-26 16:23:53', '2015-02-26 16:23:53'),
(405, 29, 'Sigi', 94000, 1, 0, '0000-00-00 00:00:00', '2015-02-26 16:23:53', '2015-02-26 16:23:53'),
(406, 29, 'Tojo Una-Una', 94600, 1, 0, '0000-00-00 00:00:00', '2015-02-26 16:23:53', '2015-02-26 16:23:53'),
(407, 29, 'Toli-Toli', 94500, 1, 0, '0000-00-00 00:00:00', '2015-02-26 16:23:53', '2015-02-26 16:23:53'),
(408, 30, 'Bau-Bau', 93700, 2, 0, '0000-00-00 00:00:00', '2015-02-26 16:23:54', '2015-02-26 16:23:54'),
(409, 30, 'Bombana', 93700, 1, 0, '0000-00-00 00:00:00', '2015-02-26 16:23:54', '2015-02-26 16:23:54'),
(410, 30, 'Buton', 93700, 1, 0, '0000-00-00 00:00:00', '2015-02-26 16:23:54', '2015-02-26 16:23:54'),
(411, 30, 'Buton Utara', 93600, 1, 0, '0000-00-00 00:00:00', '2015-02-26 16:23:54', '2015-02-26 16:23:54'),
(412, 30, 'Kendari', 93000, 2, 0, '0000-00-00 00:00:00', '2015-02-26 16:23:54', '2015-02-26 16:23:54'),
(413, 30, 'Kolaka', 93500, 1, 0, '0000-00-00 00:00:00', '2015-02-26 16:23:54', '2015-02-26 16:23:54'),
(414, 30, 'Kolaka Utara', 93500, 1, 0, '0000-00-00 00:00:00', '2015-02-26 16:23:54', '2015-02-26 16:23:54'),
(415, 30, 'Konawe', 93400, 1, 0, '0000-00-00 00:00:00', '2015-02-26 16:23:54', '2015-02-26 16:23:54'),
(416, 30, 'Konawe Selatan', 93000, 1, 0, '0000-00-00 00:00:00', '2015-02-26 16:23:54', '2015-02-26 16:23:54'),
(417, 30, 'Konawe Utara', 93000, 1, 0, '0000-00-00 00:00:00', '2015-02-26 16:23:54', '2015-02-26 16:23:54'),
(418, 30, 'Muna', 93600, 1, 0, '0000-00-00 00:00:00', '2015-02-26 16:23:54', '2015-02-26 16:23:54'),
(419, 30, 'Wakatobi', 93700, 1, 0, '0000-00-00 00:00:00', '2015-02-26 16:23:54', '2015-02-26 16:23:54'),
(420, 31, 'Bitung', 95500, 2, 0, '0000-00-00 00:00:00', '2015-02-26 16:23:55', '2015-02-26 16:23:55'),
(421, 31, 'Bolaang Mongondow (Bolmong)', 95700, 1, 0, '0000-00-00 00:00:00', '2015-02-26 16:23:55', '2015-02-26 16:23:55'),
(422, 31, 'Bolaang Mongondow Selatan', 95700, 1, 0, '0000-00-00 00:00:00', '2015-02-26 16:23:55', '2015-02-26 16:23:55'),
(423, 31, 'Bolaang Mongondow Timur', 95700, 1, 0, '0000-00-00 00:00:00', '2015-02-26 16:23:55', '2015-02-26 16:23:55'),
(424, 31, 'Bolaang Mongondow Utara', 95700, 1, 0, '0000-00-00 00:00:00', '2015-02-26 16:23:55', '2015-02-26 16:23:55'),
(425, 31, 'Kepulauan Sangihe', 95800, 1, 0, '0000-00-00 00:00:00', '2015-02-26 16:23:55', '2015-02-26 16:23:55'),
(426, 31, 'Kepulauan Siau Tagulandang Biaro (Sitaro)', 95800, 1, 0, '0000-00-00 00:00:00', '2015-02-26 16:23:55', '2015-02-26 16:23:55'),
(427, 31, 'Kepulauan Talaud', 95800, 1, 0, '0000-00-00 00:00:00', '2015-02-26 16:23:55', '2015-02-26 16:23:55'),
(428, 31, 'Kotamobagu', 95700, 2, 0, '0000-00-00 00:00:00', '2015-02-26 16:23:55', '2015-02-26 16:23:55'),
(429, 31, 'Manado', 95000, 2, 0, '0000-00-00 00:00:00', '2015-02-26 16:23:55', '2015-02-26 16:23:55'),
(430, 31, 'Minahasa', 95600, 1, 0, '0000-00-00 00:00:00', '2015-02-26 16:23:55', '2015-02-26 16:23:55'),
(431, 31, 'Minahasa Selatan', 95000, 1, 0, '0000-00-00 00:00:00', '2015-02-26 16:23:55', '2015-02-26 16:23:55'),
(432, 31, 'Minahasa Tenggara', 95000, 1, 0, '0000-00-00 00:00:00', '2015-02-26 16:23:55', '2015-02-26 16:23:55'),
(433, 31, 'Minahasa Utara', 95000, 1, 0, '0000-00-00 00:00:00', '2015-02-26 16:23:55', '2015-02-26 16:23:55'),
(434, 31, 'Tomohon', 95362, 2, 0, '0000-00-00 00:00:00', '2015-02-26 16:23:55', '2015-02-26 16:23:55'),
(435, 32, 'Agam', 26000, 1, 0, '0000-00-00 00:00:00', '2015-02-26 16:23:56', '2015-02-26 16:23:56'),
(436, 32, 'Bukittinggi', 26100, 2, 0, '0000-00-00 00:00:00', '2015-02-26 16:23:56', '2015-02-26 16:23:56'),
(437, 32, 'Dharmasraya', 27600, 1, 0, '0000-00-00 00:00:00', '2015-02-26 16:23:56', '2015-02-26 16:23:56'),
(438, 32, 'Kepulauan Mentawai', 25391, 1, 0, '0000-00-00 00:00:00', '2015-02-26 16:23:56', '2015-02-26 16:23:56'),
(439, 32, 'Lima Puluh Koto/Kota', 26200, 1, 0, '0000-00-00 00:00:00', '2015-02-26 16:23:56', '2015-02-26 16:23:56'),
(440, 32, 'Padang', 25000, 2, 0, '0000-00-00 00:00:00', '2015-02-26 16:23:56', '2015-02-26 16:23:56'),
(441, 32, 'Padang Panjang', 27100, 2, 0, '0000-00-00 00:00:00', '2015-02-26 16:23:56', '2015-02-26 16:23:56'),
(442, 32, 'Padang Pariaman', 25500, 1, 0, '0000-00-00 00:00:00', '2015-02-26 16:23:56', '2015-02-26 16:23:56'),
(443, 32, 'Pariaman', 25500, 2, 0, '0000-00-00 00:00:00', '2015-02-26 16:23:56', '2015-02-26 16:23:56'),
(444, 32, 'Pasaman', 26300, 1, 0, '0000-00-00 00:00:00', '2015-02-26 16:23:56', '2015-02-26 16:23:56'),
(445, 32, 'Pasaman Barat', 26300, 1, 0, '0000-00-00 00:00:00', '2015-02-26 16:23:56', '2015-02-26 16:23:56'),
(446, 32, 'Payakumbuh', 26200, 2, 0, '0000-00-00 00:00:00', '2015-02-26 16:23:56', '2015-02-26 16:23:56'),
(447, 32, 'Pesisir Selatan', 25600, 1, 0, '0000-00-00 00:00:00', '2015-02-26 16:23:56', '2015-02-26 16:23:56'),
(448, 32, 'Sawah Lunto', 27400, 2, 0, '0000-00-00 00:00:00', '2015-02-26 16:23:56', '2015-02-26 16:23:56'),
(449, 32, 'Sijunjung (Sawah Lunto Sijunjung)', 27500, 1, 0, '0000-00-00 00:00:00', '2015-02-26 16:23:56', '2015-02-26 16:23:56'),
(450, 32, 'Solok', 27300, 1, 0, '0000-00-00 00:00:00', '2015-02-26 16:23:56', '2015-02-26 16:23:56'),
(451, 32, 'Solok', 27300, 2, 0, '0000-00-00 00:00:00', '2015-02-26 16:23:56', '2015-02-26 16:23:56'),
(452, 32, 'Solok Selatan', 27300, 1, 0, '0000-00-00 00:00:00', '2015-02-26 16:23:56', '2015-02-26 16:23:56'),
(453, 32, 'Tanah Datar', 27200, 1, 0, '0000-00-00 00:00:00', '2015-02-26 16:23:56', '2015-02-26 16:23:56'),
(454, 33, 'Banyuasin', 30758, 1, 0, '0000-00-00 00:00:00', '2015-02-26 16:23:57', '2015-02-26 16:23:57'),
(455, 33, 'Empat Lawang', 31500, 1, 0, '0000-00-00 00:00:00', '2015-02-26 16:23:57', '2015-02-26 16:23:57'),
(456, 33, 'Lahat', 31400, 1, 0, '0000-00-00 00:00:00', '2015-02-26 16:23:57', '2015-02-26 16:23:57'),
(457, 33, 'Lubuk Linggau', 31600, 2, 0, '0000-00-00 00:00:00', '2015-02-26 16:23:57', '2015-02-26 16:23:57'),
(458, 33, 'Muara Enim', 31300, 1, 0, '0000-00-00 00:00:00', '2015-02-26 16:23:58', '2015-02-26 16:23:58'),
(459, 33, 'Musi Banyuasin', 30700, 1, 0, '0000-00-00 00:00:00', '2015-02-26 16:23:58', '2015-02-26 16:23:58'),
(460, 33, 'Musi Rawas', 31600, 1, 0, '0000-00-00 00:00:00', '2015-02-26 16:23:58', '2015-02-26 16:23:58'),
(461, 33, 'Ogan Ilir', 30600, 1, 0, '0000-00-00 00:00:00', '2015-02-26 16:23:58', '2015-02-26 16:23:58'),
(462, 33, 'Ogan Komering Ilir', 30600, 1, 0, '0000-00-00 00:00:00', '2015-02-26 16:23:58', '2015-02-26 16:23:58'),
(463, 33, 'Ogan Komering Ulu', 32100, 1, 0, '0000-00-00 00:00:00', '2015-02-26 16:23:58', '2015-02-26 16:23:58'),
(464, 33, 'Ogan Komering Ulu Selatan', 32100, 1, 0, '0000-00-00 00:00:00', '2015-02-26 16:23:58', '2015-02-26 16:23:58'),
(465, 33, 'Ogan Komering Ulu Timur', 32100, 1, 0, '0000-00-00 00:00:00', '2015-02-26 16:23:58', '2015-02-26 16:23:58'),
(466, 33, 'Pagar Alam', 31500, 2, 0, '0000-00-00 00:00:00', '2015-02-26 16:23:58', '2015-02-26 16:23:58'),
(467, 33, 'Palembang', 30000, 2, 0, '0000-00-00 00:00:00', '2015-02-26 16:23:58', '2015-02-26 16:23:58'),
(468, 33, 'Prabumulih', 31100, 2, 0, '0000-00-00 00:00:00', '2015-02-26 16:23:58', '2015-02-26 16:23:58'),
(469, 34, 'Asahan', 21000, 1, 0, '0000-00-00 00:00:00', '2015-02-26 16:23:58', '2015-02-26 16:23:58'),
(470, 34, 'Batu Bara', 21200, 1, 0, '0000-00-00 00:00:00', '2015-02-26 16:23:58', '2015-02-26 16:23:58'),
(471, 34, 'Binjai', 20700, 2, 0, '0000-00-00 00:00:00', '2015-02-26 16:23:59', '2015-02-26 16:23:59'),
(472, 34, 'Dairi', 22200, 1, 0, '0000-00-00 00:00:00', '2015-02-26 16:23:59', '2015-02-26 16:23:59'),
(473, 34, 'Deli Serdang', 20500, 1, 0, '0000-00-00 00:00:00', '2015-02-26 16:23:59', '2015-02-26 16:23:59'),
(474, 34, 'Gunungsitoli', 22800, 2, 0, '0000-00-00 00:00:00', '2015-02-26 16:23:59', '2015-02-26 16:23:59'),
(475, 34, 'Humbang Hasundutan', 22400, 1, 0, '0000-00-00 00:00:00', '2015-02-26 16:23:59', '2015-02-26 16:23:59'),
(476, 34, 'Karo', 22100, 1, 0, '0000-00-00 00:00:00', '2015-02-26 16:23:59', '2015-02-26 16:23:59'),
(477, 34, 'Labuhan Batu', 21400, 1, 0, '0000-00-00 00:00:00', '2015-02-26 16:23:59', '2015-02-26 16:23:59');
INSERT INTO `cities` (`id`, `state_id`, `name`, `postal_code`, `city_status_id`, `is_deleted`, `deleted_date`, `created`, `modified`) VALUES
(478, 34, 'Labuhan Batu Selatan', 21400, 1, 0, '0000-00-00 00:00:00', '2015-02-26 16:23:59', '2015-02-26 16:23:59'),
(479, 34, 'Labuhan Batu Utara', 21400, 1, 0, '0000-00-00 00:00:00', '2015-02-26 16:23:59', '2015-02-26 16:23:59'),
(480, 34, 'Langkat', 20800, 1, 0, '0000-00-00 00:00:00', '2015-02-26 16:23:59', '2015-02-26 16:23:59'),
(481, 34, 'Mandailing Natal', 22919, 1, 0, '0000-00-00 00:00:00', '2015-02-26 16:23:59', '2015-02-26 16:23:59'),
(482, 34, 'Medan', 20000, 2, 0, '0000-00-00 00:00:00', '2015-02-26 16:23:59', '2015-02-26 16:23:59'),
(483, 34, 'Nias', 22800, 1, 0, '0000-00-00 00:00:00', '2015-02-26 16:23:59', '2015-02-26 16:23:59'),
(484, 34, 'Nias Barat', 22800, 1, 0, '0000-00-00 00:00:00', '2015-02-26 16:23:59', '2015-02-26 16:23:59'),
(485, 34, 'Nias Selatan', 22800, 1, 0, '0000-00-00 00:00:00', '2015-02-26 16:23:59', '2015-02-26 16:23:59'),
(486, 34, 'Nias Utara', 22800, 1, 0, '0000-00-00 00:00:00', '2015-02-26 16:23:59', '2015-02-26 16:23:59'),
(487, 34, 'Padang Lawas', 22700, 1, 0, '0000-00-00 00:00:00', '2015-02-26 16:23:59', '2015-02-26 16:23:59'),
(488, 34, 'Padang Lawas Utara', 22700, 1, 0, '0000-00-00 00:00:00', '2015-02-26 16:23:59', '2015-02-26 16:23:59'),
(489, 34, 'Padang Sidempuan', 22700, 2, 0, '0000-00-00 00:00:00', '2015-02-26 16:23:59', '2015-02-26 16:23:59'),
(490, 34, 'Pakpak Bharat', 22200, 1, 0, '0000-00-00 00:00:00', '2015-02-26 16:23:59', '2015-02-26 16:23:59'),
(491, 34, 'Pematang Siantar', 21100, 2, 0, '0000-00-00 00:00:00', '2015-02-26 16:23:59', '2015-02-26 16:23:59'),
(492, 34, 'Samosir', 22300, 1, 0, '0000-00-00 00:00:00', '2015-02-26 16:23:59', '2015-02-26 16:23:59'),
(493, 34, 'Serdang Bedagai', 20000, 1, 0, '0000-00-00 00:00:00', '2015-02-26 16:23:59', '2015-02-26 16:23:59'),
(494, 34, 'Sibolga', 22500, 2, 0, '0000-00-00 00:00:00', '2015-02-26 16:23:59', '2015-02-26 16:23:59'),
(495, 34, 'Simalungun', 21100, 1, 0, '0000-00-00 00:00:00', '2015-02-26 16:23:59', '2015-02-26 16:23:59'),
(496, 34, 'Tanjung Balai', 21300, 2, 0, '0000-00-00 00:00:00', '2015-02-26 16:23:59', '2015-02-26 16:23:59'),
(497, 34, 'Tapanuli Selatan', 22700, 1, 0, '0000-00-00 00:00:00', '2015-02-26 16:23:59', '2015-02-26 16:23:59'),
(498, 34, 'Tapanuli Tengah', 22500, 1, 0, '0000-00-00 00:00:00', '2015-02-26 16:23:59', '2015-02-26 16:23:59'),
(499, 34, 'Tapanuli Utara', 22400, 1, 0, '0000-00-00 00:00:00', '2015-02-26 16:23:59', '2015-02-26 16:23:59'),
(500, 34, 'Tebing Tinggi', 20600, 2, 0, '0000-00-00 00:00:00', '2015-02-26 16:23:59', '2015-02-26 16:23:59'),
(501, 34, 'Toba Samosir', 22300, 1, 0, '0000-00-00 00:00:00', '2015-02-26 16:23:59', '2015-02-26 16:23:59');

-- --------------------------------------------------------

--
-- Table structure for table `city_statuses`
--

CREATE TABLE IF NOT EXISTS `city_statuses` (
  `id` int(11) NOT NULL,
  `name` varchar(50) DEFAULT NULL,
  `alias` varchar(50) DEFAULT ' ',
  `is_deleted` tinyint(1) DEFAULT '0',
  `deleted_date` datetime DEFAULT NULL,
  `created` datetime DEFAULT NULL,
  `modified` datetime DEFAULT NULL
) ENGINE=InnoDB AUTO_INCREMENT=3 DEFAULT CHARSET=latin1;

--
-- Dumping data for table `city_statuses`
--

INSERT INTO `city_statuses` (`id`, `name`, `alias`, `is_deleted`, `deleted_date`, `created`, `modified`) VALUES
(1, 'Kab', 'Kabupaten ', 0, '0000-00-00 00:00:00', '0000-00-00 00:00:00', '0000-00-00 00:00:00'),
(2, 'Kota', ' ', 0, '0000-00-00 00:00:00', '0000-00-00 00:00:00', '0000-00-00 00:00:00');

-- --------------------------------------------------------

--
-- Table structure for table `countries`
--

CREATE TABLE IF NOT EXISTS `countries` (
  `id` int(11) NOT NULL,
  `iso` varchar(100) CHARACTER SET utf8 NOT NULL,
  `name` varchar(80) CHARACTER SET utf8 NOT NULL,
  `iso3` char(3) CHARACTER SET utf8 DEFAULT NULL,
  `flag_img` varchar(255) CHARACTER SET utf8 NOT NULL,
  `is_deleted` tinyint(1) DEFAULT '0',
  `deleted_date` datetime DEFAULT NULL,
  `created` datetime DEFAULT NULL,
  `modified` datetime DEFAULT NULL
) ENGINE=MyISAM AUTO_INCREMENT=240 DEFAULT CHARSET=latin1;

--
-- Dumping data for table `countries`
--

INSERT INTO `countries` (`id`, `iso`, `name`, `iso3`, `flag_img`, `is_deleted`, `deleted_date`, `created`, `modified`) VALUES
(1, 'AF', 'Afghanistan', 'AFG', '', 0, NULL, NULL, NULL),
(2, 'AL', 'Albania', 'ALB', '', 0, NULL, NULL, NULL),
(3, 'DZ', 'Algeria', 'DZA', '', 0, NULL, NULL, NULL),
(4, 'AS', 'American Samoa', 'ASM', '', 0, NULL, NULL, NULL),
(5, 'AD', 'Andorra', 'AND', '', 0, NULL, NULL, NULL),
(6, 'AO', 'Angola', 'AGO', '', 0, NULL, NULL, NULL),
(7, 'AI', 'Anguilla', 'AIA', '', 0, NULL, NULL, NULL),
(8, 'AQ', 'Antarctica', 'ATA', '', 0, NULL, NULL, NULL),
(9, 'AG', 'Antigua and Barbuda', 'ATG', '', 0, NULL, NULL, NULL),
(10, 'AR', 'Argentina', 'ARG', '', 0, NULL, NULL, NULL),
(11, 'AM', 'Armenia', 'ARM', '', 0, NULL, NULL, NULL),
(12, 'AW', 'Aruba', 'ABW', '', 0, NULL, NULL, NULL),
(13, 'AU', 'Australia', 'AUS', '', 0, NULL, NULL, NULL),
(14, 'AT', 'Austria', 'AUT', '', 0, NULL, NULL, NULL),
(15, 'AZ', 'Azerbaijan', 'AZE', '', 0, NULL, NULL, NULL),
(16, 'BS', 'Bahamas', 'BHS', '', 0, NULL, NULL, NULL),
(17, 'BH', 'Bahrain', 'BHR', '', 0, NULL, NULL, NULL),
(18, 'BD', 'Bangladesh', 'BGD', '', 0, NULL, NULL, NULL),
(19, 'BB', 'Barbados', 'BRB', '', 0, NULL, NULL, NULL),
(20, 'BY', 'Belarus', 'BLR', '', 0, NULL, NULL, NULL),
(21, 'BE', 'Belgium', 'BEL', '', 0, NULL, NULL, NULL),
(22, 'BZ', 'Belize', 'BLZ', '', 0, NULL, NULL, NULL),
(23, 'BJ', 'Benin', 'BEN', '', 0, NULL, NULL, NULL),
(24, 'BM', 'Bermuda', 'BMU', '', 0, NULL, NULL, NULL),
(25, 'BT', 'Bhutan', 'BTN', '', 0, NULL, NULL, NULL),
(26, 'BO', 'Bolivia', 'BOL', '', 0, NULL, NULL, NULL),
(27, 'BA', 'Bosnia and Herzegowina', 'BIH', '', 0, NULL, NULL, NULL),
(28, 'BW', 'Botswana', 'BWA', '', 0, NULL, NULL, NULL),
(29, 'BV', 'Bouvet Island', 'BVT', '', 0, NULL, NULL, NULL),
(30, 'BR', 'Brazil', 'BRA', '', 0, NULL, NULL, NULL),
(31, 'IO', 'British Indian Ocean Territory', 'IOT', '', 0, NULL, NULL, NULL),
(32, 'BN', 'Brunei Darussalam', 'BRN', '', 0, NULL, NULL, NULL),
(33, 'BG', 'Bulgaria', 'BGR', '', 0, NULL, NULL, NULL),
(34, 'BF', 'Burkina Faso', 'BFA', '', 0, NULL, NULL, NULL),
(35, 'BI', 'Burundi', 'BDI', '', 0, NULL, NULL, NULL),
(36, 'KH', 'Cambodia', 'KHM', '', 0, NULL, NULL, NULL),
(37, 'CM', 'Cameroon', 'CMR', '', 0, NULL, NULL, NULL),
(38, 'CA', 'Canada', 'CAN', '', 0, NULL, NULL, NULL),
(39, 'CV', 'Cape Verde', 'CPV', '', 0, NULL, NULL, NULL),
(40, 'KY', 'Cayman Islands', 'CYM', '', 0, NULL, NULL, NULL),
(41, 'CF', 'Central African Republic', 'CAF', '', 0, NULL, NULL, NULL),
(42, 'TD', 'Chad', 'TCD', '', 0, NULL, NULL, NULL),
(43, 'CL', 'Chile', 'CHL', '', 0, NULL, NULL, NULL),
(44, 'CN', 'China', 'CHN', '', 0, NULL, NULL, NULL),
(45, 'CX', 'Christmas Island', 'CXR', '', 0, NULL, NULL, NULL),
(46, 'CC', 'Cocos (Keeling) Islands', 'CCK', '', 0, NULL, NULL, NULL),
(47, 'CO', 'Colombia', 'COL', '', 0, NULL, NULL, NULL),
(48, 'KM', 'Comoros', 'COM', '', 0, NULL, NULL, NULL),
(49, 'CG', 'Congo', 'COG', '', 0, NULL, NULL, NULL),
(50, 'CK', 'Cook Islands', 'COK', '', 0, NULL, NULL, NULL),
(51, 'CR', 'Costa Rica', 'CRI', '', 0, NULL, NULL, NULL),
(52, 'CI', 'Cote D''Ivoire', 'CIV', '', 0, NULL, NULL, NULL),
(53, 'HR', 'Croatia', 'HRV', '', 0, NULL, NULL, NULL),
(54, 'CU', 'Cuba', 'CUB', '', 0, NULL, NULL, NULL),
(55, 'CY', 'Cyprus', 'CYP', '', 0, NULL, NULL, NULL),
(56, 'CZ', 'Czech Republic', 'CZE', '', 0, NULL, NULL, NULL),
(57, 'DK', 'Denmark', 'DNK', '', 0, NULL, NULL, NULL),
(58, 'DJ', 'Djibouti', 'DJI', '', 0, NULL, NULL, NULL),
(59, 'DM', 'Dominica', 'DMA', '', 0, NULL, NULL, NULL),
(60, 'DO', 'Dominican Republic', 'DOM', '', 0, NULL, NULL, NULL),
(61, 'TP', 'East Timor', 'TMP', '', 0, NULL, NULL, NULL),
(62, 'EC', 'Ecuador', 'ECU', '', 0, NULL, NULL, NULL),
(63, 'EG', 'Egypt', 'EGY', '', 0, NULL, NULL, NULL),
(64, 'SV', 'El Salvador', 'SLV', '', 0, NULL, NULL, NULL),
(65, 'GQ', 'Equatorial Guinea', 'GNQ', '', 0, NULL, NULL, NULL),
(66, 'ER', 'Eritrea', 'ERI', '', 0, NULL, NULL, NULL),
(67, 'EE', 'Estonia', 'EST', '', 0, NULL, NULL, NULL),
(68, 'ET', 'Ethiopia', 'ETH', '', 0, NULL, NULL, NULL),
(69, 'FK', 'Falkland Islands (Malvinas)', 'FLK', '', 0, NULL, NULL, NULL),
(70, 'FO', 'Faroe Islands', 'FRO', '', 0, NULL, NULL, NULL),
(71, 'FJ', 'Fiji', 'FJI', '', 0, NULL, NULL, NULL),
(72, 'FI', 'Finland', 'FIN', '', 0, NULL, NULL, NULL),
(73, 'FR', 'France', 'FRA', '', 0, NULL, NULL, NULL),
(74, 'FX', 'France, Metropolitan', 'FXX', '', 0, NULL, NULL, NULL),
(75, 'GF', 'French Guiana', 'GUF', '', 0, NULL, NULL, NULL),
(76, 'PF', 'French Polynesia', 'PYF', '', 0, NULL, NULL, NULL),
(77, 'TF', 'French Southern Territories', 'ATF', '', 0, NULL, NULL, NULL),
(78, 'GA', 'Gabon', 'GAB', '', 0, NULL, NULL, NULL),
(79, 'GM', 'Gambia', 'GMB', '', 0, NULL, NULL, NULL),
(80, 'GE', 'Georgia', 'GEO', '', 0, NULL, NULL, NULL),
(81, 'DE', 'Germany', 'DEU', '', 0, NULL, NULL, NULL),
(82, 'GH', 'Ghana', 'GHA', '', 0, NULL, NULL, NULL),
(83, 'GI', 'Gibraltar', 'GIB', '', 0, NULL, NULL, NULL),
(84, 'GR', 'Greece', 'GRC', '', 0, NULL, NULL, NULL),
(85, 'GL', 'Greenland', 'GRL', '', 0, NULL, NULL, NULL),
(86, 'GD', 'Grenada', 'GRD', '', 0, NULL, NULL, NULL),
(87, 'GP', 'Guadeloupe', 'GLP', '', 0, NULL, NULL, NULL),
(88, 'GU', 'Guam', 'GUM', '', 0, NULL, NULL, NULL),
(89, 'GT', 'Guatemala', 'GTM', '', 0, NULL, NULL, NULL),
(90, 'GN', 'Guinea', 'GIN', '', 0, NULL, NULL, NULL),
(91, 'GW', 'Guinea-bissau', 'GNB', '', 0, NULL, NULL, NULL),
(92, 'GY', 'Guyana', 'GUY', '', 0, NULL, NULL, NULL),
(93, 'HT', 'Haiti', 'HTI', '', 0, NULL, NULL, NULL),
(94, 'HM', 'Heard and Mc Donald Islands', 'HMD', '', 0, NULL, NULL, NULL),
(95, 'HN', 'Honduras', 'HND', '', 0, NULL, NULL, NULL),
(96, 'HK', 'Hong Kong', 'HKG', '', 0, NULL, NULL, NULL),
(97, 'HU', 'Hungary', 'HUN', '', 0, NULL, NULL, NULL),
(98, 'IS', 'Iceland', 'ISL', '', 0, NULL, NULL, NULL),
(99, 'IN', 'India', 'IND', '', 0, NULL, NULL, NULL),
(100, 'ID', 'Indonesia', 'IDN', '', 0, NULL, NULL, NULL),
(101, 'IR', 'Iran (Islamic Republic of)', 'IRN', '', 0, NULL, NULL, NULL),
(102, 'IQ', 'Iraq', 'IRQ', '', 0, NULL, NULL, NULL),
(103, 'IE', 'Ireland', 'IRL', '', 0, NULL, NULL, NULL),
(104, 'IL', 'Israel', 'ISR', '', 0, NULL, NULL, NULL),
(105, 'IT', 'Italy', 'ITA', '', 0, NULL, NULL, NULL),
(106, 'JM', 'Jamaica', 'JAM', '', 0, NULL, NULL, NULL),
(107, 'JP', 'Japan', 'JPN', '', 0, NULL, NULL, NULL),
(108, 'JO', 'Jordan', 'JOR', '', 0, NULL, NULL, NULL),
(109, 'KZ', 'Kazakhstan', 'KAZ', '', 0, NULL, NULL, NULL),
(110, 'KE', 'Kenya', 'KEN', '', 0, NULL, NULL, NULL),
(111, 'KI', 'Kiribati', 'KIR', '', 0, NULL, NULL, NULL),
(112, 'KP', 'North Korea', 'PRK', '', 0, NULL, NULL, NULL),
(113, 'KR', 'Korea, Republic of', 'KOR', '', 0, NULL, NULL, NULL),
(114, 'KW', 'Kuwait', 'KWT', '', 0, NULL, NULL, NULL),
(115, 'KG', 'Kyrgyzstan', 'KGZ', '', 0, NULL, NULL, NULL),
(116, 'LA', 'Lao People''s Democratic Republic', 'LAO', '', 0, NULL, NULL, NULL),
(117, 'LV', 'Latvia', 'LVA', '', 0, NULL, NULL, NULL),
(118, 'LB', 'Lebanon', 'LBN', '', 0, NULL, NULL, NULL),
(119, 'LS', 'Lesotho', 'LSO', '', 0, NULL, NULL, NULL),
(120, 'LR', 'Liberia', 'LBR', '', 0, NULL, NULL, NULL),
(121, 'LY', 'Libyan Arab Jamahiriya', 'LBY', '', 0, NULL, NULL, NULL),
(122, 'LI', 'Liechtenstein', 'LIE', '', 0, NULL, NULL, NULL),
(123, 'LT', 'Lithuania', 'LTU', '', 0, NULL, NULL, NULL),
(124, 'LU', 'Luxembourg', 'LUX', '', 0, NULL, NULL, NULL),
(125, 'MO', 'Macau', 'MAC', '', 0, NULL, NULL, NULL),
(126, 'MK', 'FYROM', 'MKD', '', 0, NULL, NULL, NULL),
(127, 'MG', 'Madagascar', 'MDG', '', 0, NULL, NULL, NULL),
(128, 'MW', 'Malawi', 'MWI', '', 0, NULL, NULL, NULL),
(129, 'MY', 'Malaysia', 'MYS', '', 0, NULL, NULL, NULL),
(130, 'MV', 'Maldives', 'MDV', '', 0, NULL, NULL, NULL),
(131, 'ML', 'Mali', 'MLI', '', 0, NULL, NULL, NULL),
(132, 'MT', 'Malta', 'MLT', '', 0, NULL, NULL, NULL),
(133, 'MH', 'Marshall Islands', 'MHL', '', 0, NULL, NULL, NULL),
(134, 'MQ', 'Martinique', 'MTQ', '', 0, NULL, NULL, NULL),
(135, 'MR', 'Mauritania', 'MRT', '', 0, NULL, NULL, NULL),
(136, 'MU', 'Mauritius', 'MUS', '', 0, NULL, NULL, NULL),
(137, 'YT', 'Mayotte', 'MYT', '', 0, NULL, NULL, NULL),
(138, 'MX', 'Mexico', 'MEX', '', 0, NULL, NULL, NULL),
(139, 'FM', 'Micronesia, Federated States of', 'FSM', '', 0, NULL, NULL, NULL),
(140, 'MD', 'Moldova, Republic of', 'MDA', '', 0, NULL, NULL, NULL),
(141, 'MC', 'Monaco', 'MCO', '', 0, NULL, NULL, NULL),
(142, 'MN', 'Mongolia', 'MNG', '', 0, NULL, NULL, NULL),
(143, 'MS', 'Montserrat', 'MSR', '', 0, NULL, NULL, NULL),
(144, 'MA', 'Morocco', 'MAR', '', 0, NULL, NULL, NULL),
(145, 'MZ', 'Mozambique', 'MOZ', '', 0, NULL, NULL, NULL),
(146, 'MM', 'Myanmar', 'MMR', '', 0, NULL, NULL, NULL),
(147, 'NA', 'Namibia', 'NAM', '', 0, NULL, NULL, NULL),
(148, 'NR', 'Nauru', 'NRU', '', 0, NULL, NULL, NULL),
(149, 'NP', 'Nepal', 'NPL', '', 0, NULL, NULL, NULL),
(150, 'NL', 'Netherlands', 'NLD', '', 0, NULL, NULL, NULL),
(151, 'AN', 'Netherlands Antilles', 'ANT', '', 0, NULL, NULL, NULL),
(152, 'NC', 'New Caledonia', 'NCL', '', 0, NULL, NULL, NULL),
(153, 'NZ', 'New Zealand', 'NZL', '', 0, NULL, NULL, NULL),
(154, 'NI', 'Nicaragua', 'NIC', '', 0, NULL, NULL, NULL),
(155, 'NE', 'Niger', 'NER', '', 0, NULL, NULL, NULL),
(156, 'NG', 'Nigeria', 'NGA', '', 0, NULL, NULL, NULL),
(157, 'NU', 'Niue', 'NIU', '', 0, NULL, NULL, NULL),
(158, 'NF', 'Norfolk Island', 'NFK', '', 0, NULL, NULL, NULL),
(159, 'MP', 'Northern Mariana Islands', 'MNP', '', 0, NULL, NULL, NULL),
(160, 'NO', 'Norway', 'NOR', '', 0, NULL, NULL, NULL),
(161, 'OM', 'Oman', 'OMN', '', 0, NULL, NULL, NULL),
(162, 'PK', 'Pakistan', 'PAK', '', 0, NULL, NULL, NULL),
(163, 'PW', 'Palau', 'PLW', '', 0, NULL, NULL, NULL),
(164, 'PA', 'Panama', 'PAN', '', 0, NULL, NULL, NULL),
(165, 'PG', 'Papua New Guinea', 'PNG', '', 0, NULL, NULL, NULL),
(166, 'PY', 'Paraguay', 'PRY', '', 0, NULL, NULL, NULL),
(167, 'PE', 'Peru', 'PER', '', 0, NULL, NULL, NULL),
(168, 'PH', 'Philippines', 'PHL', '', 0, NULL, NULL, NULL),
(169, 'PN', 'Pitcairn', 'PCN', '', 0, NULL, NULL, NULL),
(170, 'PL', 'Poland', 'POL', '', 0, NULL, NULL, NULL),
(171, 'PT', 'Portugal', 'PRT', '', 0, NULL, NULL, NULL),
(172, 'PR', 'Puerto Rico', 'PRI', '', 0, NULL, NULL, NULL),
(173, 'QA', 'Qatar', 'QAT', '', 0, NULL, NULL, NULL),
(174, 'RE', 'Reunion', 'REU', '', 0, NULL, NULL, NULL),
(175, 'RO', 'Romania', 'ROM', '', 0, NULL, NULL, NULL),
(176, 'RU', 'Russian Federation', 'RUS', '', 0, NULL, NULL, NULL),
(177, 'RW', 'Rwanda', 'RWA', '', 0, NULL, NULL, NULL),
(178, 'KN', 'Saint Kitts and Nevis', 'KNA', '', 0, NULL, NULL, NULL),
(179, 'LC', 'Saint Lucia', 'LCA', '', 0, NULL, NULL, NULL),
(180, 'VC', 'Saint Vincent and the Grenadines', 'VCT', '', 0, NULL, NULL, NULL),
(181, 'WS', 'Samoa', 'WSM', '', 0, NULL, NULL, NULL),
(182, 'SM', 'San Marino', 'SMR', '', 0, NULL, NULL, NULL),
(183, 'ST', 'Sao Tome and Principe', 'STP', '', 0, NULL, NULL, NULL),
(184, 'SA', 'Saudi Arabia', 'SAU', '', 0, NULL, NULL, NULL),
(185, 'SN', 'Senegal', 'SEN', '', 0, NULL, NULL, NULL),
(186, 'SC', 'Seychelles', 'SYC', '', 0, NULL, NULL, NULL),
(187, 'SL', 'Sierra Leone', 'SLE', '', 0, NULL, NULL, NULL),
(188, 'SG', 'Singapore', 'SGP', '', 0, NULL, NULL, NULL),
(189, 'SK', 'Slovak Republic', 'SVK', '', 0, NULL, NULL, NULL),
(190, 'SI', 'Slovenia', 'SVN', '', 0, NULL, NULL, NULL),
(191, 'SB', 'Solomon Islands', 'SLB', '', 0, NULL, NULL, NULL),
(192, 'SO', 'Somalia', 'SOM', '', 0, NULL, NULL, NULL),
(193, 'ZA', 'South Africa', 'ZAF', '', 0, NULL, NULL, NULL),
(194, 'GS', 'South Georgia &amp; South Sandwich Islands', 'SGS', '', 0, NULL, NULL, NULL),
(195, 'ES', 'Spain', 'ESP', '', 0, NULL, NULL, NULL),
(196, 'LK', 'Sri Lanka', 'LKA', '', 0, NULL, NULL, NULL),
(197, 'SH', 'St. Helena', 'SHN', '', 0, NULL, NULL, NULL),
(198, 'PM', 'St. Pierre and Miquelon', 'SPM', '', 0, NULL, NULL, NULL),
(199, 'SD', 'Sudan', 'SDN', '', 0, NULL, NULL, NULL),
(200, 'SR', 'Suriname', 'SUR', '', 0, NULL, NULL, NULL),
(201, 'SJ', 'Svalbard and Jan Mayen Islands', 'SJM', '', 0, NULL, NULL, NULL),
(202, 'SZ', 'Swaziland', 'SWZ', '', 0, NULL, NULL, NULL),
(203, 'SE', 'Sweden', 'SWE', '', 0, NULL, NULL, NULL),
(204, 'CH', 'Switzerland', 'CHE', '', 0, NULL, NULL, NULL),
(205, 'SY', 'Syrian Arab Republic', 'SYR', '', 0, NULL, NULL, NULL),
(206, 'TW', 'Taiwan', 'TWN', '', 0, NULL, NULL, NULL),
(207, 'TJ', 'Tajikistan', 'TJK', '', 0, NULL, NULL, NULL),
(208, 'TZ', 'Tanzania, United Republic of', 'TZA', '', 0, NULL, NULL, NULL),
(209, 'TH', 'Thailand', 'THA', '', 0, NULL, NULL, NULL),
(210, 'TG', 'Togo', 'TGO', '', 0, NULL, NULL, NULL),
(211, 'TK', 'Tokelau', 'TKL', '', 0, NULL, NULL, NULL),
(212, 'TO', 'Tonga', 'TON', '', 0, NULL, NULL, NULL),
(213, 'TT', 'Trinidad and Tobago', 'TTO', '', 0, NULL, NULL, NULL),
(214, 'TN', 'Tunisia', 'TUN', '', 0, NULL, NULL, NULL),
(215, 'TR', 'Turkey', 'TUR', '', 0, NULL, NULL, NULL),
(216, 'TM', 'Turkmenistan', 'TKM', '', 0, NULL, NULL, NULL),
(217, 'TC', 'Turks and Caicos Islands', 'TCA', '', 0, NULL, NULL, NULL),
(218, 'TV', 'Tuvalu', 'TUV', '', 0, NULL, NULL, NULL),
(219, 'UG', 'Uganda', 'UGA', '', 0, NULL, NULL, NULL),
(220, 'UA', 'Ukraine', 'UKR', '', 0, NULL, NULL, NULL),
(221, 'AE', 'United Arab Emirates', 'ARE', '', 0, NULL, NULL, NULL),
(222, 'GB', 'United Kingdom', 'GBR', '', 0, NULL, NULL, NULL),
(223, 'US', 'United States', 'USA', '', 0, NULL, NULL, NULL),
(224, 'UM', 'United States Minor Outlying Islands', 'UMI', '', 0, NULL, NULL, NULL),
(225, 'UY', 'Uruguay', 'URY', '', 0, NULL, NULL, NULL),
(226, 'UZ', 'Uzbekistan', 'UZB', '', 0, NULL, NULL, NULL),
(227, 'VU', 'Vanuatu', 'VUT', '', 0, NULL, NULL, NULL),
(228, 'VA', 'Vatican City State (Holy See)', 'VAT', '', 0, NULL, NULL, NULL),
(229, 'VE', 'Venezuela', 'VEN', '', 0, NULL, NULL, NULL),
(230, 'VN', 'Viet Nam', 'VNM', '', 0, NULL, NULL, NULL),
(231, 'VG', 'Virgin Islands (British)', 'VGB', '', 0, NULL, NULL, NULL),
(232, 'VI', 'Virgin Islands (U.S.)', 'VIR', '', 0, NULL, NULL, NULL),
(233, 'WF', 'Wallis and Futuna Islands', 'WLF', '', 0, NULL, NULL, NULL),
(234, 'EH', 'Western Sahara', 'ESH', '', 0, NULL, NULL, NULL),
(235, 'YE', 'Yemen', 'YEM', '', 0, NULL, NULL, NULL),
(236, 'YU', 'Yugoslavia', 'YUG', '', 0, NULL, NULL, NULL),
(237, 'CD', 'Democratic Republic of Congo', 'COD', '', 0, NULL, NULL, NULL),
(238, 'ZM', 'Zambia', 'ZMB', '', 0, NULL, NULL, NULL),
(239, 'ZW', 'Zimbabwe', 'ZWE', '', 0, NULL, NULL, NULL);

-- --------------------------------------------------------

--
-- Table structure for table `days`
--

CREATE TABLE IF NOT EXISTS `days` (
  `id` int(11) NOT NULL,
  `name` varchar(45) DEFAULT NULL,
  `php_n` int(11) DEFAULT NULL,
  `is_deleted` tinyint(1) DEFAULT '0',
  `deleted_date` date DEFAULT NULL,
  `created` datetime DEFAULT NULL,
  `modified` datetime DEFAULT NULL
) ENGINE=InnoDB AUTO_INCREMENT=8 DEFAULT CHARSET=latin1;

--
-- Dumping data for table `days`
--

INSERT INTO `days` (`id`, `name`, `php_n`, `is_deleted`, `deleted_date`, `created`, `modified`) VALUES
(1, 'Senin', 1, 0, NULL, NULL, NULL),
(2, 'Selasa', 2, 0, NULL, NULL, NULL),
(3, 'Rabu', 3, 0, NULL, NULL, NULL),
(4, 'Kamis', 4, 0, NULL, NULL, NULL),
(5, 'Jumat', 5, 0, NULL, NULL, NULL),
(6, 'Sabtu', 6, 0, NULL, NULL, NULL),
(7, 'Minggu', 7, 0, NULL, NULL, NULL);

-- --------------------------------------------------------

--
-- Table structure for table `departments`
--

CREATE TABLE IF NOT EXISTS `departments` (
  `id` int(11) NOT NULL,
  `uniq_name` varchar(45) DEFAULT NULL,
  `name` varchar(255) DEFAULT NULL,
  `is_deleted` tinyint(1) DEFAULT '0',
  `deleted_date` datetime DEFAULT NULL,
  `created` datetime DEFAULT NULL,
  `modified` datetime DEFAULT NULL
) ENGINE=InnoDB DEFAULT CHARSET=latin1;

-- --------------------------------------------------------

--
-- Table structure for table `employees`
--

CREATE TABLE IF NOT EXISTS `employees` (
  `id` int(11) NOT NULL,
  `department_id` int(11) DEFAULT NULL,
  `employee_status_id` int(11) DEFAULT NULL,
  `is_deleted` tinyint(1) DEFAULT '0',
  `deleted_date` datetime DEFAULT NULL,
  `created` datetime DEFAULT NULL,
  `modified` datetime DEFAULT NULL
) ENGINE=MyISAM AUTO_INCREMENT=2 DEFAULT CHARSET=utf8;

--
-- Dumping data for table `employees`
--

INSERT INTO `employees` (`id`, `department_id`, `employee_status_id`, `is_deleted`, `deleted_date`, `created`, `modified`) VALUES
(1, 1, 2, 0, NULL, NULL, '2016-05-04 18:38:25');

-- --------------------------------------------------------

--
-- Table structure for table `entity_configurations`
--

CREATE TABLE IF NOT EXISTS `entity_configurations` (
  `id` int(11) NOT NULL,
  `nip_kepala_dinas` varchar(45) DEFAULT NULL,
  `kepala_dinas` varchar(255) DEFAULT NULL,
  `logo1` varchar(1000) DEFAULT NULL,
  `address` varchar(1000) DEFAULT NULL,
  `telp` varchar(255) DEFAULT NULL,
  `name` varchar(255) DEFAULT NULL,
  `shortname` varchar(255) DEFAULT NULL,
  `header` text,
  `email` varchar(255) DEFAULT NULL,
  `web` varchar(255) DEFAULT NULL,
  `created` datetime DEFAULT NULL,
  `modified` datetime DEFAULT NULL,
  `is_deleted` tinyint(4) DEFAULT NULL,
  `deleted_date` datetime DEFAULT NULL
) ENGINE=InnoDB AUTO_INCREMENT=2 DEFAULT CHARSET=latin1;

--
-- Dumping data for table `entity_configurations`
--

INSERT INTO `entity_configurations` (`id`, `nip_kepala_dinas`, `kepala_dinas`, `logo1`, `address`, `telp`, `name`, `shortname`, `header`, `email`, `web`, `created`, `modified`, `is_deleted`, `deleted_date`) VALUES
(1, '', '', '/img/kop/sulbar-logo.png', '', '08972997323', 'Surya Teknologi Nusantara', 'STN', '<h3 style="text-align:center"><span style="line-height:15.21px">Header Print</span></h3>\r\n', 'info@suryateknologi.com', 'suryateknologi.com', NULL, '2016-08-31 16:18:01', NULL, NULL);

-- --------------------------------------------------------

--
-- Table structure for table `genders`
--

CREATE TABLE IF NOT EXISTS `genders` (
  `id` int(11) NOT NULL,
  `name` varchar(100) DEFAULT NULL,
  `is_deleted` tinyint(1) DEFAULT '0',
  `deleted_date` datetime DEFAULT NULL,
  `created` datetime DEFAULT NULL,
  `modified` datetime DEFAULT NULL
) ENGINE=MyISAM AUTO_INCREMENT=4 DEFAULT CHARSET=utf8;

--
-- Dumping data for table `genders`
--

INSERT INTO `genders` (`id`, `name`, `is_deleted`, `deleted_date`, `created`, `modified`) VALUES
(1, 'Pria', 0, NULL, NULL, NULL),
(2, 'Wanita', 0, NULL, NULL, NULL),
(3, 'Lainnya', 0, NULL, NULL, NULL);

-- --------------------------------------------------------

--
-- Table structure for table `identity_types`
--

CREATE TABLE IF NOT EXISTS `identity_types` (
  `id` int(11) NOT NULL,
  `name` varchar(255) NOT NULL,
  `is_deleted` tinyint(1) DEFAULT '0',
  `deleted_date` datetime DEFAULT NULL,
  `created` datetime DEFAULT NULL,
  `modified` datetime DEFAULT NULL
) ENGINE=InnoDB AUTO_INCREMENT=5 DEFAULT CHARSET=latin1;

--
-- Dumping data for table `identity_types`
--

INSERT INTO `identity_types` (`id`, `name`, `is_deleted`, `deleted_date`, `created`, `modified`) VALUES
(1, 'KTP', 0, NULL, '2013-06-20 12:41:10', NULL),
(2, 'SIM', 0, NULL, '2013-06-20 12:41:10', NULL),
(3, 'Passport', 0, NULL, '2013-06-20 12:41:32', NULL),
(4, 'Kartu Pelajar', 0, NULL, '2014-07-05 13:35:06', NULL);

-- --------------------------------------------------------

--
-- Table structure for table `languages`
--

CREATE TABLE IF NOT EXISTS `languages` (
  `id` int(11) NOT NULL,
  `name` varchar(100) DEFAULT NULL,
  `code` varchar(100) DEFAULT NULL,
  `icon` varchar(250) DEFAULT NULL,
  `is_deleted` tinyint(1) DEFAULT '0',
  `deleted_date` datetime DEFAULT NULL,
  `created` datetime DEFAULT NULL,
  `modified` datetime DEFAULT NULL
) ENGINE=InnoDB AUTO_INCREMENT=3 DEFAULT CHARSET=latin1;

--
-- Dumping data for table `languages`
--

INSERT INTO `languages` (`id`, `name`, `code`, `icon`, `is_deleted`, `deleted_date`, `created`, `modified`) VALUES
(1, 'Bahasa Indonesia', 'ind', 'flag-icon flag-icon-id', NULL, NULL, NULL, NULL),
(2, 'English', 'eng', 'flag-icon flag-icon-us', NULL, NULL, NULL, NULL);

-- --------------------------------------------------------

--
-- Table structure for table `login_pages`
--

CREATE TABLE IF NOT EXISTS `login_pages` (
  `id` int(11) NOT NULL,
  `name` varchar(45) DEFAULT NULL,
  `label` varchar(45) DEFAULT NULL,
  `is_deleted` tinyint(1) DEFAULT '0',
  `deleted_date` datetime DEFAULT NULL,
  `created` datetime DEFAULT NULL,
  `modified` datetime DEFAULT NULL
) ENGINE=InnoDB AUTO_INCREMENT=2 DEFAULT CHARSET=latin1;

--
-- Dumping data for table `login_pages`
--

INSERT INTO `login_pages` (`id`, `name`, `label`, `is_deleted`, `deleted_date`, `created`, `modified`) VALUES
(1, 'im', 'Sistem Utama', 0, '0000-00-00 00:00:00', '0000-00-00 00:00:00', '2016-05-12 23:47:19');

-- --------------------------------------------------------

--
-- Table structure for table `login_page_credentials`
--

CREATE TABLE IF NOT EXISTS `login_page_credentials` (
  `id` int(11) NOT NULL,
  `access` tinyint(1) DEFAULT NULL,
  `login_page_id` int(11) DEFAULT NULL,
  `user_group_id` int(11) DEFAULT NULL,
  `is_deleted` tinyint(1) DEFAULT '0',
  `deleted_date` datetime DEFAULT NULL,
  `created` datetime DEFAULT NULL,
  `modified` datetime DEFAULT NULL
) ENGINE=InnoDB AUTO_INCREMENT=26 DEFAULT CHARSET=latin1;

--
-- Dumping data for table `login_page_credentials`
--

INSERT INTO `login_page_credentials` (`id`, `access`, `login_page_id`, `user_group_id`, `is_deleted`, `deleted_date`, `created`, `modified`) VALUES
(24, 1, 1, 1, 0, '0000-00-00 00:00:00', '0000-00-00 00:00:00', '2016-11-02 14:02:40'),
(25, 1, 1, 20, 0, NULL, '2016-11-02 14:02:41', '2016-11-02 14:02:41');

-- --------------------------------------------------------

--
-- Table structure for table `menus`
--

CREATE TABLE IF NOT EXISTS `menus` (
  `id` int(11) NOT NULL,
  `label` varchar(255) DEFAULT NULL,
  `position` varchar(45) DEFAULT NULL,
  `module_id` int(11) DEFAULT NULL,
  `ordering_number` int(11) DEFAULT NULL,
  `class_icon` varchar(45) DEFAULT NULL,
  `is_deleted` tinyint(1) DEFAULT '0',
  `deleted_date` datetime DEFAULT NULL,
  `created` datetime DEFAULT NULL,
  `modified` datetime DEFAULT NULL
) ENGINE=InnoDB AUTO_INCREMENT=3 DEFAULT CHARSET=latin1;

--
-- Dumping data for table `menus`
--

INSERT INTO `menus` (`id`, `label`, `position`, `module_id`, `ordering_number`, `class_icon`, `is_deleted`, `deleted_date`, `created`, `modified`) VALUES
(1, 'Pengaturan', 'left', NULL, 9999, 'icon-cog', 0, NULL, NULL, NULL),
(2, 'Pengguna', 'left', 7, 9998, 'icon-users', 0, NULL, '2016-11-02 13:49:13', '2016-11-02 13:50:04');

-- --------------------------------------------------------

--
-- Table structure for table `modules`
--

CREATE TABLE IF NOT EXISTS `modules` (
  `id` int(11) NOT NULL,
  `name` varchar(250) DEFAULT NULL,
  `alias` varchar(250) DEFAULT NULL,
  `is_deleted` tinyint(1) DEFAULT '0',
  `deleted_date` datetime DEFAULT NULL,
  `created` datetime DEFAULT NULL,
  `modified` datetime DEFAULT NULL
) ENGINE=MyISAM AUTO_INCREMENT=9 DEFAULT CHARSET=utf8;

--
-- Dumping data for table `modules`
--

INSERT INTO `modules` (`id`, `name`, `alias`, `is_deleted`, `deleted_date`, `created`, `modified`) VALUES
(1, 'Modul', 'admin/modules', 0, NULL, NULL, '2016-09-02 15:37:34'),
(2, 'Hak Akses', 'admin/roles', 0, NULL, '2016-10-31 18:17:31', '2016-11-02 13:37:28'),
(3, 'Menu', 'admin/menus', 0, NULL, '2016-10-31 18:25:40', '2016-10-31 18:38:23'),
(4, 'Sub Menu', 'admin/sub_menus', 0, NULL, '2016-10-31 18:35:10', '2016-11-02 16:36:38'),
(5, 'User Group', 'admin/user_groups', 0, NULL, '2016-11-01 11:36:58', '2016-11-01 21:35:26'),
(7, 'Pengguna', 'admin/accounts', 0, NULL, '2016-11-02 13:48:53', '2016-11-02 13:53:50'),
(8, 'Login Page', 'admin/login_pages', 0, NULL, '2016-11-02 14:00:43', '2016-11-02 14:00:43');

-- --------------------------------------------------------

--
-- Table structure for table `module_links`
--

CREATE TABLE IF NOT EXISTS `module_links` (
  `id` int(14) NOT NULL,
  `name` varchar(255) NOT NULL,
  `alias` varchar(255) NOT NULL,
  `module_id` int(11) DEFAULT NULL,
  `is_deleted` tinyint(1) DEFAULT '0',
  `deleted_date` datetime DEFAULT NULL,
  `created` datetime DEFAULT NULL,
  `modified` datetime DEFAULT NULL
) ENGINE=InnoDB AUTO_INCREMENT=19 DEFAULT CHARSET=latin1;

--
-- Dumping data for table `module_links`
--

INSERT INTO `module_links` (`id`, `name`, `alias`, `module_id`, `is_deleted`, `deleted_date`, `created`, `modified`) VALUES
(1, 'Tambah Modul', 'admin/modules/add', 1, 0, NULL, NULL, '2016-09-02 15:37:34'),
(2, 'Ubah Modul', 'admin/modules/edit', 1, 0, NULL, '2016-09-02 15:36:12', '2016-09-02 15:37:34'),
(3, '[ajax] Hapus Modul', 'admin/modules/multiple_delete', 1, 0, NULL, '2016-09-02 15:37:19', '2016-09-02 15:37:34'),
(4, 'Ubah Hak Akses', 'admin/roles/edit', 2, 0, NULL, '2016-10-31 18:18:22', '2016-11-02 13:37:28'),
(6, 'Tambah Sub Menu', 'admin/sub_menus/add', 4, 0, NULL, '2016-10-31 18:35:10', '2016-11-02 16:36:38'),
(7, 'Ubah Sub Menu', 'admin/sub_menus/edit', 4, 0, NULL, '2016-10-31 18:35:10', '2016-11-02 16:36:38'),
(8, '[ajax] Hapus Sub Menu', 'admin/sub_menus/multiple_delete', 4, 0, NULL, '2016-10-31 18:35:10', '2016-11-02 16:36:38'),
(9, 'Tambah Menu', 'admin/menus/add', 3, 0, NULL, '2016-10-31 18:37:38', '2016-10-31 18:38:23'),
(10, 'Ubah Menu', 'admin/menus/edit', 3, 0, NULL, '2016-10-31 18:37:38', '2016-10-31 18:38:23'),
(11, '[ajax] Hapus Menu', 'admin/menus/multiple_delete', 3, 0, NULL, '2016-10-31 18:37:38', '2016-10-31 18:38:23'),
(12, 'Tambah User Group', 'admin/user_groups/add', 5, 0, NULL, '2016-11-01 11:36:58', '2016-11-01 21:35:26'),
(13, 'Ubah User Group', 'admin/user_groups/edit', 5, 0, NULL, '2016-11-01 11:36:58', '2016-11-01 21:35:26'),
(14, '[ajax[ Hapus User Group', 'admin/user_groups/multiple_delete', 5, 0, NULL, '2016-11-01 11:36:58', '2016-11-01 21:35:26'),
(16, 'Tambah Pengguna', 'admin/accounts/add', 7, 0, NULL, '2016-11-02 13:53:50', '2016-11-02 13:53:50'),
(17, '[ajax] Ganti Status', 'admin/accounts/change_status', 7, 0, NULL, '2016-11-02 13:53:50', '2016-11-02 13:53:50'),
(18, 'Ubah Akses Login Page', 'admin/login_pages/edit', 8, 0, NULL, '2016-11-02 14:00:43', '2016-11-02 14:00:43');

-- --------------------------------------------------------

--
-- Table structure for table `password_resets`
--

CREATE TABLE IF NOT EXISTS `password_resets` (
  `id` int(11) NOT NULL,
  `token` varchar(255) DEFAULT NULL,
  `is_used` tinyint(4) DEFAULT '0',
  `expire` datetime DEFAULT NULL,
  `is_deleted` tinyint(1) DEFAULT '0',
  `deleted_date` datetime DEFAULT NULL,
  `created` datetime DEFAULT NULL,
  `modified` datetime DEFAULT NULL
) ENGINE=InnoDB AUTO_INCREMENT=5 DEFAULT CHARSET=latin1;

--
-- Dumping data for table `password_resets`
--

INSERT INTO `password_resets` (`id`, `token`, `is_used`, `expire`, `is_deleted`, `deleted_date`, `created`, `modified`) VALUES
(4, '622edbc5ec84e98da22eaded4ec813a846c2b9b544010bd9bc26bc7b56b2b81c', 0, '2016-05-10 20:55:25', 0, '0000-00-00 00:00:00', '2016-05-09 20:55:25', '2016-05-09 20:55:25');

-- --------------------------------------------------------

--
-- Table structure for table `religions`
--

CREATE TABLE IF NOT EXISTS `religions` (
  `id` int(11) NOT NULL,
  `name` varchar(255) NOT NULL,
  `is_deleted` tinyint(1) DEFAULT '0',
  `deleted_date` datetime DEFAULT NULL,
  `created` datetime DEFAULT NULL,
  `modified` datetime DEFAULT NULL
) ENGINE=InnoDB AUTO_INCREMENT=7 DEFAULT CHARSET=latin1;

--
-- Dumping data for table `religions`
--

INSERT INTO `religions` (`id`, `name`, `is_deleted`, `deleted_date`, `created`, `modified`) VALUES
(1, 'Islam', 0, '0000-00-00 00:00:00', '0000-00-00 00:00:00', '2016-03-14 11:00:32'),
(2, 'Katholik', 0, '0000-00-00 00:00:00', '0000-00-00 00:00:00', '0000-00-00 00:00:00'),
(3, 'Kristen Protestan', 0, '0000-00-00 00:00:00', '0000-00-00 00:00:00', '0000-00-00 00:00:00'),
(4, 'Hindu', 0, '0000-00-00 00:00:00', '0000-00-00 00:00:00', '0000-00-00 00:00:00'),
(5, 'Buddha', 0, '0000-00-00 00:00:00', '0000-00-00 00:00:00', '0000-00-00 00:00:00'),
(6, 'Konghucu', 0, '0000-00-00 00:00:00', '0000-00-00 00:00:00', '0000-00-00 00:00:00');

-- --------------------------------------------------------

--
-- Table structure for table `roles`
--

CREATE TABLE IF NOT EXISTS `roles` (
  `id` int(11) NOT NULL,
  `user_group_id` int(11) DEFAULT NULL,
  `menu_id` int(11) DEFAULT NULL,
  `accessible` tinyint(1) DEFAULT '1',
  `edit` tinyint(1) DEFAULT '1',
  `delete` tinyint(1) DEFAULT '1',
  `add` tinyint(1) DEFAULT '1',
  `created` datetime DEFAULT NULL,
  `modified` datetime DEFAULT NULL,
  `deleted` tinyint(4) DEFAULT '0',
  `deleted_date` datetime DEFAULT NULL
) ENGINE=MyISAM AUTO_INCREMENT=13 DEFAULT CHARSET=utf8;

--
-- Dumping data for table `roles`
--

INSERT INTO `roles` (`id`, `user_group_id`, `menu_id`, `accessible`, `edit`, `delete`, `add`, `created`, `modified`, `deleted`, `deleted_date`) VALUES
(1, 1, 1, 1, 0, 0, 0, NULL, '2016-11-04 19:01:08', 0, NULL),
(10, 20, 2, 0, 0, 0, 0, '2016-11-02 17:09:57', '2016-11-03 15:26:44', 0, NULL),
(9, 1, 2, 1, 1, 1, 1, '2016-11-02 13:49:26', '2016-11-04 19:01:08', 0, NULL),
(5, 20, 1, 1, 0, 0, 0, '2016-11-01 11:38:10', '2016-11-03 15:26:44', 0, NULL);

-- --------------------------------------------------------

--
-- Table structure for table `role_sub_menus`
--

CREATE TABLE IF NOT EXISTS `role_sub_menus` (
  `id` int(11) NOT NULL,
  `user_group_id` int(11) DEFAULT NULL,
  `sub_menu_id` int(11) DEFAULT NULL,
  `accessible` int(11) DEFAULT NULL,
  `edit` int(11) DEFAULT NULL,
  `delete` int(11) DEFAULT NULL,
  `add` int(11) DEFAULT NULL,
  `is_deleted` tinyint(1) DEFAULT '0',
  `deleted_date` datetime DEFAULT NULL,
  `created` datetime DEFAULT NULL,
  `modified` datetime DEFAULT NULL
) ENGINE=InnoDB AUTO_INCREMENT=15 DEFAULT CHARSET=latin1;

--
-- Dumping data for table `role_sub_menus`
--

INSERT INTO `role_sub_menus` (`id`, `user_group_id`, `sub_menu_id`, `accessible`, `edit`, `delete`, `add`, `is_deleted`, `deleted_date`, `created`, `modified`) VALUES
(2, 1, 1, 1, 1, 1, 1, 0, NULL, '2016-11-01 11:19:53', '2016-11-04 19:01:08'),
(3, 1, 2, 1, 1, 1, 0, 0, NULL, '2016-11-01 11:19:53', '2016-11-04 19:01:08'),
(4, 1, 3, 1, 1, 1, 1, 0, NULL, '2016-11-01 11:19:53', '2016-11-04 19:01:08'),
(5, 1, 4, 1, 1, 1, 1, 0, NULL, '2016-11-01 11:19:53', '2016-11-04 19:01:08'),
(7, 20, 1, 1, 1, 1, 1, 0, NULL, '2016-11-01 11:38:11', '2016-11-03 15:26:44'),
(8, 20, 2, 0, 0, 0, 0, 0, NULL, '2016-11-01 11:38:11', '2016-11-03 15:26:44'),
(9, 20, 3, 0, 0, 0, 0, 0, NULL, '2016-11-01 11:38:11', '2016-11-03 15:26:45'),
(10, 20, 4, 0, 0, 0, 0, 0, NULL, '2016-11-01 11:38:11', '2016-11-03 15:26:45'),
(11, 20, 8, 0, 0, 0, 0, 0, NULL, '2016-11-01 11:38:11', '2016-11-03 15:26:45'),
(12, 1, 8, 1, 1, 1, 1, 0, NULL, '2016-11-01 11:39:45', '2016-11-04 19:01:08'),
(13, 1, 9, 1, 1, 1, 1, 0, NULL, '2016-11-02 14:02:32', '2016-11-04 19:01:08'),
(14, 20, 9, 0, 0, 0, 0, 0, NULL, '2016-11-02 17:09:57', '2016-11-03 15:26:45');

-- --------------------------------------------------------

--
-- Table structure for table `states`
--

CREATE TABLE IF NOT EXISTS `states` (
  `id` int(11) NOT NULL,
  `ro_province_id` int(11) NOT NULL,
  `name` varchar(250) NOT NULL,
  `is_deleted` tinyint(1) DEFAULT '0',
  `deleted_date` datetime DEFAULT NULL,
  `created` datetime DEFAULT NULL,
  `modified` datetime DEFAULT NULL
) ENGINE=InnoDB AUTO_INCREMENT=35 DEFAULT CHARSET=latin1;

--
-- Dumping data for table `states`
--

INSERT INTO `states` (`id`, `ro_province_id`, `name`, `is_deleted`, `deleted_date`, `created`, `modified`) VALUES
(1, 1, 'Bali', 0, NULL, '2015-02-15 14:09:37', '2015-02-15 14:09:37'),
(2, 2, 'Bangka Belitung', 0, NULL, '2015-02-15 14:09:37', '2015-02-15 14:09:37'),
(3, 3, 'Banten', 0, NULL, '2015-02-15 14:09:37', '2015-02-15 14:09:37'),
(4, 4, 'Bengkulu', 0, NULL, '2015-02-15 14:09:37', '2015-02-15 14:09:37'),
(5, 5, 'DI Yogyakarta', 0, NULL, '2015-02-15 14:09:37', '2015-02-15 14:09:37'),
(6, 6, 'DKI Jakarta', 0, NULL, '2015-02-15 14:09:37', '2015-02-15 14:09:37'),
(7, 7, 'Gorontalo', 0, NULL, '2015-02-15 14:09:37', '2015-02-15 14:09:37'),
(8, 8, 'Jambi', 0, NULL, '2015-02-15 14:09:37', '2015-02-15 14:09:37'),
(9, 9, 'Jawa Barat', 0, NULL, '2015-02-15 14:09:37', '2015-02-15 14:09:37'),
(10, 10, 'Jawa Tengah', 0, NULL, '2015-02-15 14:09:37', '2015-02-15 14:09:37'),
(11, 11, 'Jawa Timur', 0, NULL, '2015-02-15 14:09:37', '2015-02-15 14:09:37'),
(12, 12, 'Kalimantan Barat', 0, NULL, '2015-02-15 14:09:37', '2015-02-15 14:09:37'),
(13, 13, 'Kalimantan Selatan', 0, NULL, '2015-02-15 14:09:37', '2015-02-15 14:09:37'),
(14, 14, 'Kalimantan Tengah', 0, NULL, '2015-02-15 14:09:37', '2015-02-15 14:09:37'),
(15, 15, 'Kalimantan Timur', 0, NULL, '2015-02-15 14:09:37', '2015-02-15 14:09:37'),
(16, 16, 'Kalimantan Utara', 0, NULL, '2015-02-15 14:09:37', '2015-02-15 14:09:37'),
(17, 17, 'Kepulauan Riau', 0, NULL, '2015-02-15 14:09:37', '2015-02-15 14:09:37'),
(18, 18, 'Lampung', 0, NULL, '2015-02-15 14:09:37', '2015-02-15 14:09:37'),
(19, 19, 'Maluku', 0, NULL, '2015-02-15 14:09:38', '2015-02-15 14:09:38'),
(20, 20, 'Maluku Utara', 0, NULL, '2015-02-15 14:09:38', '2015-02-15 14:09:38'),
(21, 21, 'Nanggroe Aceh Darussalam (NAD)', 0, NULL, '2015-02-15 14:09:38', '2015-02-15 14:09:38'),
(22, 22, 'Nusa Tenggara Barat (NTB)', 0, NULL, '2015-02-15 14:09:38', '2015-02-15 14:09:38'),
(23, 23, 'Nusa Tenggara Timur (NTT)', 0, NULL, '2015-02-15 14:09:38', '2015-02-15 14:09:38'),
(24, 24, 'Papua', 0, NULL, '2015-02-15 14:09:38', '2015-02-15 14:09:38'),
(25, 25, 'Papua Barat', 0, NULL, '2015-02-15 14:09:38', '2015-02-15 14:09:38'),
(26, 26, 'Riau', 0, NULL, '2015-02-15 14:09:38', '2015-02-15 14:09:38'),
(27, 27, 'Sulawesi Barat', 0, NULL, '2015-02-15 14:09:38', '2015-02-15 14:09:38'),
(28, 28, 'Sulawesi Selatan', 0, NULL, '2015-02-15 14:09:38', '2015-02-15 14:09:38'),
(29, 29, 'Sulawesi Tengah', 0, NULL, '2015-02-15 14:09:38', '2015-02-15 14:09:38'),
(30, 30, 'Sulawesi Tenggara', 0, NULL, '2015-02-15 14:09:38', '2015-02-15 14:09:38'),
(31, 31, 'Sulawesi Utara', 0, NULL, '2015-02-15 14:09:38', '2015-02-15 14:09:38'),
(32, 32, 'Sumatera Barat', 0, NULL, '2015-02-15 14:09:38', '2015-02-15 14:09:38'),
(33, 33, 'Sumatera Selatan', 0, NULL, '2015-02-15 14:09:38', '2015-02-15 14:09:38'),
(34, 34, 'Sumatera Utara', 0, NULL, '2015-02-15 14:09:38', '2015-02-15 14:09:38');

-- --------------------------------------------------------

--
-- Table structure for table `sub_menus`
--

CREATE TABLE IF NOT EXISTS `sub_menus` (
  `id` int(11) NOT NULL,
  `menu_id` int(11) DEFAULT NULL,
  `parent_id` int(11) DEFAULT NULL,
  `label` varchar(255) DEFAULT NULL,
  `module_id` int(11) DEFAULT NULL,
  `ordering_number` int(11) DEFAULT NULL,
  `class_icon` varchar(45) DEFAULT NULL,
  `is_deleted` tinyint(1) DEFAULT '0',
  `deleted_date` datetime DEFAULT NULL,
  `created` datetime DEFAULT NULL,
  `modified` datetime DEFAULT NULL
) ENGINE=InnoDB AUTO_INCREMENT=10 DEFAULT CHARSET=latin1;

--
-- Dumping data for table `sub_menus`
--

INSERT INTO `sub_menus` (`id`, `menu_id`, `parent_id`, `label`, `module_id`, `ordering_number`, `class_icon`, `is_deleted`, `deleted_date`, `created`, `modified`) VALUES
(1, 1, NULL, 'Modul', 1, 1, NULL, 0, NULL, NULL, NULL),
(2, 1, NULL, 'Hak Akses', 2, 6, '', 0, NULL, NULL, '2016-11-02 14:00:54'),
(3, 1, NULL, 'Menu', 3, 2, NULL, 0, NULL, NULL, NULL),
(4, 1, NULL, 'Sub Menu', 4, 3, NULL, 0, NULL, NULL, NULL),
(8, 1, NULL, 'User Group', 5, 4, '', 0, NULL, '2016-11-01 11:37:21', '2016-11-01 11:37:21'),
(9, 1, NULL, 'Login Page', 8, 5, '', 0, NULL, '2016-11-02 14:02:18', '2016-11-02 14:02:18');

-- --------------------------------------------------------

--
-- Table structure for table `users`
--

CREATE TABLE IF NOT EXISTS `users` (
  `id` int(11) NOT NULL,
  `account_id` int(11) DEFAULT NULL,
  `user_group_id` int(11) DEFAULT NULL,
  `username` varchar(250) DEFAULT NULL,
  `password` varchar(250) DEFAULT NULL,
  `email` varchar(250) DEFAULT NULL,
  `profile_picture` varchar(250) DEFAULT '/img/profile_photos/default',
  `profile_picture_thumbnail` varchar(250) DEFAULT '/img/profile_photos/default',
  `salt` varchar(250) DEFAULT NULL,
  `is_deleted` tinyint(1) DEFAULT '0',
  `deleted_date` datetime DEFAULT NULL,
  `created` datetime DEFAULT NULL,
  `modified` datetime DEFAULT NULL
) ENGINE=MyISAM AUTO_INCREMENT=3 DEFAULT CHARSET=utf8;

--
-- Dumping data for table `users`
--

INSERT INTO `users` (`id`, `account_id`, `user_group_id`, `username`, `password`, `email`, `profile_picture`, `profile_picture_thumbnail`, `salt`, `is_deleted`, `deleted_date`, `created`, `modified`) VALUES
(1, 1, 1, 'admin', '5a7d619f0fba149e5503119aa976e08fdd7412ba26e9a4b1e162fad98a4108a745c192ec32d11584058cd77c27380dcfc2648fc23fcbaf709091df6b3e88dbc2', 'admin@dispopsulbar.com', '/img/profile_photos/default', '/img/profile_photos/default', '571f8a7f91e829d0f60406dc204d8eb3f7a5ff1f853bd9c825e4bb9a', 0, NULL, '2015-01-29 18:45:55', '2016-05-04 18:38:25'),
(2, 2, 20, 'testuser', '24555e29212268d294d5ee05df9a8fd92c7cbb0405211bec8072a0ada289952e633ee38a2dcfcb173b42db06db8e854941ad5f11114a8c9334c7c8b35a62f715', 'testuser@suryateknologi.com', '/img/profile_photos/default', '/img/profile_photos/default', '2acfecdd217fe7118d7d9a620b30e818de72f545d0e8a9d0bab4ce97', 0, NULL, '2016-11-02 13:59:17', '2016-11-02 13:59:17');

-- --------------------------------------------------------

--
-- Table structure for table `user_groups`
--

CREATE TABLE IF NOT EXISTS `user_groups` (
  `id` int(11) NOT NULL,
  `name` varchar(250) DEFAULT NULL,
  `label` varchar(255) DEFAULT NULL,
  `is_deleted` tinyint(1) DEFAULT '0',
  `deleted_date` datetime DEFAULT NULL,
  `created` datetime DEFAULT NULL,
  `modified` datetime DEFAULT NULL
) ENGINE=MyISAM AUTO_INCREMENT=21 DEFAULT CHARSET=utf8;

--
-- Dumping data for table `user_groups`
--

INSERT INTO `user_groups` (`id`, `name`, `label`, `is_deleted`, `deleted_date`, `created`, `modified`) VALUES
(1, 'admin', 'Super Admin', 0, NULL, NULL, '2016-05-12 22:08:44'),
(20, 'user_group_1', 'User Group 1', 0, NULL, '2016-11-01 11:37:50', '2016-11-01 11:37:50');

--
-- Indexes for dumped tables
--

--
-- Indexes for table `accounts`
--
ALTER TABLE `accounts`
  ADD PRIMARY KEY (`id`), ADD KEY `fk_accounts_employees1_idx` (`employee_id`), ADD KEY `fk_accounts_account_statuses1_idx` (`account_status_id`);

--
-- Indexes for table `account_statuses`
--
ALTER TABLE `account_statuses`
  ADD PRIMARY KEY (`id`);

--
-- Indexes for table `asset_files`
--
ALTER TABLE `asset_files`
  ADD PRIMARY KEY (`id`);

--
-- Indexes for table `biodata`
--
ALTER TABLE `biodata`
  ADD PRIMARY KEY (`id`), ADD KEY `fk_biodata_genders1_idx` (`gender_id`), ADD KEY `fk_biodata_religions1_idx` (`religion_id`), ADD KEY `fk_biodata_countries1_idx` (`country_id`), ADD KEY `fk_biodata_states1_idx` (`state_id`), ADD KEY `fk_biodata_cities1_idx` (`city_id`);

--
-- Indexes for table `blood_types`
--
ALTER TABLE `blood_types`
  ADD PRIMARY KEY (`id`);

--
-- Indexes for table `cities`
--
ALTER TABLE `cities`
  ADD PRIMARY KEY (`id`);

--
-- Indexes for table `city_statuses`
--
ALTER TABLE `city_statuses`
  ADD PRIMARY KEY (`id`);

--
-- Indexes for table `countries`
--
ALTER TABLE `countries`
  ADD PRIMARY KEY (`id`), ADD UNIQUE KEY `iso` (`iso`);

--
-- Indexes for table `days`
--
ALTER TABLE `days`
  ADD PRIMARY KEY (`id`);

--
-- Indexes for table `departments`
--
ALTER TABLE `departments`
  ADD PRIMARY KEY (`id`);

--
-- Indexes for table `employees`
--
ALTER TABLE `employees`
  ADD PRIMARY KEY (`id`), ADD KEY `fk_employees_employee_statuses1_idx` (`employee_status_id`);

--
-- Indexes for table `entity_configurations`
--
ALTER TABLE `entity_configurations`
  ADD PRIMARY KEY (`id`);

--
-- Indexes for table `genders`
--
ALTER TABLE `genders`
  ADD PRIMARY KEY (`id`);

--
-- Indexes for table `identity_types`
--
ALTER TABLE `identity_types`
  ADD PRIMARY KEY (`id`);

--
-- Indexes for table `languages`
--
ALTER TABLE `languages`
  ADD PRIMARY KEY (`id`);

--
-- Indexes for table `login_pages`
--
ALTER TABLE `login_pages`
  ADD PRIMARY KEY (`id`);

--
-- Indexes for table `login_page_credentials`
--
ALTER TABLE `login_page_credentials`
  ADD PRIMARY KEY (`id`);

--
-- Indexes for table `menus`
--
ALTER TABLE `menus`
  ADD PRIMARY KEY (`id`);

--
-- Indexes for table `modules`
--
ALTER TABLE `modules`
  ADD PRIMARY KEY (`id`);

--
-- Indexes for table `module_links`
--
ALTER TABLE `module_links`
  ADD PRIMARY KEY (`id`);

--
-- Indexes for table `password_resets`
--
ALTER TABLE `password_resets`
  ADD PRIMARY KEY (`id`);

--
-- Indexes for table `religions`
--
ALTER TABLE `religions`
  ADD PRIMARY KEY (`id`);

--
-- Indexes for table `roles`
--
ALTER TABLE `roles`
  ADD PRIMARY KEY (`id`);

--
-- Indexes for table `role_sub_menus`
--
ALTER TABLE `role_sub_menus`
  ADD PRIMARY KEY (`id`);

--
-- Indexes for table `states`
--
ALTER TABLE `states`
  ADD PRIMARY KEY (`id`);

--
-- Indexes for table `sub_menus`
--
ALTER TABLE `sub_menus`
  ADD PRIMARY KEY (`id`);

--
-- Indexes for table `users`
--
ALTER TABLE `users`
  ADD PRIMARY KEY (`id`);

--
-- Indexes for table `user_groups`
--
ALTER TABLE `user_groups`
  ADD PRIMARY KEY (`id`);

--
-- AUTO_INCREMENT for dumped tables
--

--
-- AUTO_INCREMENT for table `accounts`
--
ALTER TABLE `accounts`
  MODIFY `id` int(11) NOT NULL AUTO_INCREMENT,AUTO_INCREMENT=3;
--
-- AUTO_INCREMENT for table `account_statuses`
--
ALTER TABLE `account_statuses`
  MODIFY `id` int(11) NOT NULL AUTO_INCREMENT,AUTO_INCREMENT=4;
--
-- AUTO_INCREMENT for table `asset_files`
--
ALTER TABLE `asset_files`
  MODIFY `id` int(11) NOT NULL AUTO_INCREMENT;
--
-- AUTO_INCREMENT for table `biodata`
--
ALTER TABLE `biodata`
  MODIFY `id` int(11) NOT NULL AUTO_INCREMENT,AUTO_INCREMENT=3;
--
-- AUTO_INCREMENT for table `blood_types`
--
ALTER TABLE `blood_types`
  MODIFY `id` int(11) NOT NULL AUTO_INCREMENT,AUTO_INCREMENT=13;
--
-- AUTO_INCREMENT for table `cities`
--
ALTER TABLE `cities`
  MODIFY `id` int(11) NOT NULL AUTO_INCREMENT,AUTO_INCREMENT=502;
--
-- AUTO_INCREMENT for table `city_statuses`
--
ALTER TABLE `city_statuses`
  MODIFY `id` int(11) NOT NULL AUTO_INCREMENT,AUTO_INCREMENT=3;
--
-- AUTO_INCREMENT for table `countries`
--
ALTER TABLE `countries`
  MODIFY `id` int(11) NOT NULL AUTO_INCREMENT,AUTO_INCREMENT=240;
--
-- AUTO_INCREMENT for table `days`
--
ALTER TABLE `days`
  MODIFY `id` int(11) NOT NULL AUTO_INCREMENT,AUTO_INCREMENT=8;
--
-- AUTO_INCREMENT for table `departments`
--
ALTER TABLE `departments`
  MODIFY `id` int(11) NOT NULL AUTO_INCREMENT;
--
-- AUTO_INCREMENT for table `employees`
--
ALTER TABLE `employees`
  MODIFY `id` int(11) NOT NULL AUTO_INCREMENT,AUTO_INCREMENT=2;
--
-- AUTO_INCREMENT for table `entity_configurations`
--
ALTER TABLE `entity_configurations`
  MODIFY `id` int(11) NOT NULL AUTO_INCREMENT,AUTO_INCREMENT=2;
--
-- AUTO_INCREMENT for table `genders`
--
ALTER TABLE `genders`
  MODIFY `id` int(11) NOT NULL AUTO_INCREMENT,AUTO_INCREMENT=4;
--
-- AUTO_INCREMENT for table `identity_types`
--
ALTER TABLE `identity_types`
  MODIFY `id` int(11) NOT NULL AUTO_INCREMENT,AUTO_INCREMENT=5;
--
-- AUTO_INCREMENT for table `languages`
--
ALTER TABLE `languages`
  MODIFY `id` int(11) NOT NULL AUTO_INCREMENT,AUTO_INCREMENT=3;
--
-- AUTO_INCREMENT for table `login_pages`
--
ALTER TABLE `login_pages`
  MODIFY `id` int(11) NOT NULL AUTO_INCREMENT,AUTO_INCREMENT=2;
--
-- AUTO_INCREMENT for table `login_page_credentials`
--
ALTER TABLE `login_page_credentials`
  MODIFY `id` int(11) NOT NULL AUTO_INCREMENT,AUTO_INCREMENT=26;
--
-- AUTO_INCREMENT for table `menus`
--
ALTER TABLE `menus`
  MODIFY `id` int(11) NOT NULL AUTO_INCREMENT,AUTO_INCREMENT=3;
--
-- AUTO_INCREMENT for table `modules`
--
ALTER TABLE `modules`
  MODIFY `id` int(11) NOT NULL AUTO_INCREMENT,AUTO_INCREMENT=9;
--
-- AUTO_INCREMENT for table `module_links`
--
ALTER TABLE `module_links`
  MODIFY `id` int(14) NOT NULL AUTO_INCREMENT,AUTO_INCREMENT=19;
--
-- AUTO_INCREMENT for table `password_resets`
--
ALTER TABLE `password_resets`
  MODIFY `id` int(11) NOT NULL AUTO_INCREMENT,AUTO_INCREMENT=5;
--
-- AUTO_INCREMENT for table `religions`
--
ALTER TABLE `religions`
  MODIFY `id` int(11) NOT NULL AUTO_INCREMENT,AUTO_INCREMENT=7;
--
-- AUTO_INCREMENT for table `roles`
--
ALTER TABLE `roles`
  MODIFY `id` int(11) NOT NULL AUTO_INCREMENT,AUTO_INCREMENT=13;
--
-- AUTO_INCREMENT for table `role_sub_menus`
--
ALTER TABLE `role_sub_menus`
  MODIFY `id` int(11) NOT NULL AUTO_INCREMENT,AUTO_INCREMENT=15;
--
-- AUTO_INCREMENT for table `states`
--
ALTER TABLE `states`
  MODIFY `id` int(11) NOT NULL AUTO_INCREMENT,AUTO_INCREMENT=35;
--
-- AUTO_INCREMENT for table `sub_menus`
--
ALTER TABLE `sub_menus`
  MODIFY `id` int(11) NOT NULL AUTO_INCREMENT,AUTO_INCREMENT=10;
--
-- AUTO_INCREMENT for table `users`
--
ALTER TABLE `users`
  MODIFY `id` int(11) NOT NULL AUTO_INCREMENT,AUTO_INCREMENT=3;
--
-- AUTO_INCREMENT for table `user_groups`
--
ALTER TABLE `user_groups`
  MODIFY `id` int(11) NOT NULL AUTO_INCREMENT,AUTO_INCREMENT=21;
/*!40101 SET CHARACTER_SET_CLIENT=@OLD_CHARACTER_SET_CLIENT */;
/*!40101 SET CHARACTER_SET_RESULTS=@OLD_CHARACTER_SET_RESULTS */;
/*!40101 SET COLLATION_CONNECTION=@OLD_COLLATION_CONNECTION */;
